Department,Pandemic_year,week_39,week_40,week_41,week_42,week_43,week_44,week_45,week_46,week_47,week_48,week_49,week_50,week_51,week_52,week_1,week_2,week_3,week_4,week_5,week_6,week_7,week_8,week_9,week_10,week_11,week_12,week_13,week_14,week_15,week_16,week_17,week_18,week_19,week_20,week_21,week_22,week_23,week_24,week_25,week_26,week_27,week_28,week_29,week_30,week_31,week_32,week_33,week_34,week_35,week_36,week_37,week_38
ALTO_PARAGUAY,2018-2019,5.18184156339034,5.18184156339034,5.18184156339034,5.18184156339034,5.18184156339034,5.18184156339034,5.18184156339034,5.18184156339034,5.18184156339034,5.18184156339034,5.18184156339034,5.18184156339034,5.18184156339034,5.18184156339034,5.18184156339034,5.18184156339034,5.18184156339034,5.18184156339034,5.18184156339034,5.18184156339034,5.18184156339034,5.18184156339034,5.18184156339034,5.18184156339034,5.18184156339034,5.18184156339034,5.18184156339034,5.18184156339034,5.18184156339034,5.18184156339034,5.18184156339034,5.18184156339034,0.0,0.0,0.0,10.3636831267807,0.0,10.3636831267807,5.18184156339034,0.0,0.0,0.0,0.0,0.0,5.18184156339034,0.0,0.0,0.0,0.0,0.0,5.18184156339034,0.0
ALTO_PARAGUAY,2019-2020,0.0,10.3636831267807,0.0,0.0,0.0,5.18184156339034,5.18184156339034,0.0,15.545524690171,0.0,5.18184156339034,15.545524690171,25.9092078169517,67.3639403240744,10.3636831267807,51.8184156339034,160.6370884651,217.637345662394,165.818930028491,269.455761296298,305.72865224003,373.092592564104,228.001028789175,207.273662535613,139.909722211539,103.636831267807,62.182098760684,10.3636831267807,25.9092078169517,10.3636831267807,36.2728909437324,20.7273662535613,67.3639403240744,5.18184156339034,31.091049380342,20.7273662535613,5.18184156339034,20.7273662535613,5.18184156339034,5.18184156339034,0.0,10.3636831267807,0.0,0.0,5.18184156339034,0.0,0.0,0.0,0.0,5.18184156339034,0.0,0.0
ALTO_PARAGUAY,2020-2021,15.545524690171,0.0,10.3636831267807,20.7273662535613,41.4547325071227,20.7273662535613,25.9092078169517,62.182098760684,62.182098760684,51.8184156339034,25.9092078169517,20.7273662535613,77.727623450855,150.27340533832,77.727623450855,93.2731481410261,171.000771591881,155.45524690171,243.546553479346,269.455761296298,243.546553479346,207.273662535613,186.546296282052,186.546296282052,93.2731481410261,93.2731481410261,145.091563774929,93.2731481410261,10.3636831267807,25.9092078169517,20.7273662535613,20.7273662535613,15.545524690171,0.0,5.18184156339034,10.3636831267807,0.0,10.3636831267807,0.0,15.545524690171,5.18184156339034,5.18184156339034,10.3636831267807,0.0,5.18184156339034,0.0,0.0,0.0,0.0,0.0,0.0,0.0
ALTO_PARAGUAY,2021-2022,0.0,5.18184156339034,0.0,0.0,10.3636831267807,15.545524690171,5.18184156339034,5.18184156339034,25.9092078169517,0.0,0.0,5.18184156339034,0.0,57.0002571972935,114.000514394587,0.0,0.0,0.0,0.0,0.0,0.0,0.0,0.0,0.0,0.0,0.0,0.0,0.0,0.0,0.0,0.0,0.0,0.0,0.0,0.0,0.0,0.0,0.0,0.0,0.0,0.0,0.0,10.3636831267807,0.0,0.0,0.0,0.0,5.18184156339034,15.545524690171,0.0,5.18184156339034,31.091049380342
ALTO_PARAGUAY,2022-2023,5.18184156339034,5.18184156339034,31.091049380342,67.3639403240744,25.9092078169517,196.909979408833,171.000771591881,367.910751000714,492.274948522082,264.273919732907,487.093106958692,357.547067873933,124.364197521368,129.54603908475835,129.546039084758,171.000771591881,150.27340533832,67.3639403240744,114.000514394587,119.182355957978,119.182355957978,103.636831267807,134.727880648149,207.273662535613,196.909979408833,171.000771591881,217.637345662394,98.4549897044164,171.000771591881,129.546039084758,98.4549897044164,67.3639403240744,31.091049380342,31.091049380342,15.545524690171,25.9092078169517,20.7273662535613,5.18184156339034,5.18184156339034,0.0,10.3636831267807,0.0,5.18184156339034,0.0,0.0,5.18184156339034,10.3636831267807,0.0,0.0,10.3636831267807,10.3636831267807,41.4547325071227
ALTO_PARANA,2018-2019,1.27179373087783,1.27179373087783,1.27179373087783,1.27179373087783,1.27179373087783,1.27179373087783,1.27179373087783,1.27179373087783,1.27179373087783,1.27179373087783,1.27179373087783,1.27179373087783,1.27179373087783,1.27179373087783,1.27179373087783,2.08111701416372,4.62470447591938,10.6368202946146,14.1053486515541,17.8051122322896,24.6265513342707,27.8638444674143,43.9346925212341,56.8838650538084,66.0176563937491,67.7519205722189,60.4680110226459,68.3300086317088,69.4861847506887,50.8717492351132,49.1374850566434,39.0787528215188,36.7664005835591,18.0363474560856,12.7179373087783,6.47458626628713,6.35896865438915,6.01211581869519,5.43402775920527,2.65920507365364,1.5030289546738,1.27179373087783,0.462470447591938,0.115617611897984,0.115617611897984,0.0,0.231235223795969,0.115617611897984,0.0,0.346852835693953,0.0,0.346852835693953
ALTO_PARANA,2019-2020,0.231235223795969,0.115617611897984,2.19673462606171,2.19673462606171,2.89044029744961,4.16223402832744,2.54358746175566,2.31235223795969,2.19673462606171,1.73426417846977,3.23729313314357,2.42796984985767,0.809323283285891,0.115617611897984,4.74032208781736,9.13379133994077,18.4988179036775,26.4764331246384,27.2857564079243,30.6386671529659,33.5291074504155,35.9570773002732,38.5006647620288,39.8880761048046,21.9673462606171,14.3365838753501,16.0708480538198,12.6023196968803,7.28390954957302,7.51514477336899,4.16223402832744,4.85593969971535,4.50908686402139,2.77482268555163,2.89044029744961,0.578088059489922,0.578088059489922,0.924940895183876,0.809323283285891,1.5030289546738,0.346852835693953,0.346852835693953,0.924940895183876,0.693705671387907,0.462470447591938,0.809323283285891,0.0,0.693705671387907,0.231235223795969,0.115617611897984,0.693705671387907,0.115617611897984
ALTO_PARANA,2020-2021,0.231235223795969,0.578088059489922,0.578088059489922,1.5030289546738,0.693705671387907,0.462470447591938,0.924940895183876,1.04055850708186,1.61864656657178,0.346852835693953,2.19673462606171,1.38741134277581,1.5030289546738,1.15617611897984,3.12167552124558,4.27785164022543,5.66526298300124,5.66526298300124,6.47458626628713,9.59626178753271,7.63076238526698,6.7058214900831,13.1804077563702,9.48064417563473,7.39952716147101,7.63076238526698,7.39952716147101,7.63076238526698,5.08717492351132,10.5212026827166,5.78088059489922,4.16223402832744,4.16223402832744,2.54358746175566,0.693705671387907,0.578088059489922,0.462470447591938,1.15617611897984,0.462470447591938,0.231235223795969,0.115617611897984,0.115617611897984,0.115617611897984,0.0,0.0,0.115617611897984,0.115617611897984,0.115617611897984,0.0,0.578088059489922,0.462470447591938,1.27179373087783
ALTO_PARANA,2021-2022,0.462470447591938,0.924940895183876,1.5030289546738,1.61864656657178,0.693705671387907,1.04055850708186,1.27179373087783,1.5030289546738,0.924940895183876,1.5030289546738,2.42796984985767,0.924940895183876,2.77482268555163,2.138925820112715,1.5030289546738,0.0,0.0,0.0,0.0,0.0,0.0,0.0,0.115617611897984,0.0,0.0,0.0,0.0,0.115617611897984,0.0,0.231235223795969,0.231235223795969,0.115617611897984,0.115617611897984,0.115617611897984,0.115617611897984,0.115617611897984,0.231235223795969,0.0,0.231235223795969,0.0,0.231235223795969,0.0,0.0,0.115617611897984,0.0,0.0,0.0,0.0,0.0,0.0,0.0,0.0
ALTO_PARANA,2022-2023,0.0,0.231235223795969,0.346852835693953,0.924940895183876,0.115617611897984,0.693705671387907,1.84988179036775,1.27179373087783,1.84988179036775,2.08111701416372,2.89044029744961,1.61864656657178,1.96549940226574,2.1967346260617022,0.0,0.0,0.115617611897984,0.693705671387907,1.5030289546738,1.38741134277581,1.61864656657178,1.73426417846977,1.61864656657178,1.61864656657178,1.38741134277581,1.73426417846977,1.61864656657178,0.924940895183876,0.578088059489922,1.1561761189798438,0.578088059489922,0.346852835693953,1.04055850708186,0.578088059489922,0.346852835693953,0.578088059489922,0.115617611897984,0.462470447591938,0.0,0.115617611897984,0.231235223795969,0.0,0.0,0.0,0.346852835693953,0.231235223795969,0.462470447591938,0.231235223795969,0.115617611897984,0.231235223795969,0.924940895183876,0.924940895183876
AMAMBAY,2018-2019,2.22502651890059,2.22502651890059,2.22502651890059,2.22502651890059,2.22502651890059,2.22502651890059,2.22502651890059,2.22502651890059,2.22502651890059,2.22502651890059,2.22502651890059,2.22502651890059,2.22502651890059,2.22502651890059,2.22502651890059,1.1125132594503,0.556256629725148,2.22502651890059,3.89379640807604,14.4626723728539,17.8002121512047,17.2439555214796,37.8254508213101,53.4006364536142,68.4195654561932,91.2260872749243,102.351219869427,104.019989758603,111.25132594503,157.420626212217,164.095705768919,174.664581733697,175.220838363422,134.614104393486,90.113574015474,75.094645012895,33.931654413234,20.5814952998305,16.1314422620293,10.0126193350527,2.78128314862574,1.1125132594503,2.78128314862574,2.22502651890059,0.0,0.0,0.556256629725148,1.1125132594503,0.556256629725148,1.1125132594503,1.1125132594503,1.66876988917544
AMAMBAY,2019-2020,0.0,3.33753977835089,1.66876988917544,1.1125132594503,0.0,3.33753977835089,3.89379640807604,0.556256629725148,2.22502651890059,3.89379640807604,5.56256629725148,6.67507955670178,6.67507955670178,12.7939024836784,8.34384944587722,42.2755038591113,62.8569991589417,101.794963239702,89.5573173857488,123.488971798983,142.401697209638,171.327041955346,180.783404660673,170.77078532562,124.045228428708,78.988441420971,65.0820256778423,71.7571052345441,22.2502651890059,16.6876988917544,16.6876988917544,11.6813892242281,8.90010607560237,6.67507955670178,3.89379640807604,3.89379640807604,1.66876988917544,1.1125132594503,0.556256629725148,1.66876988917544,0.0,0.0,0.0,0.0,0.0,0.556256629725148,0.0,0.556256629725148,0.556256629725148,1.1125132594503,0.0,0.556256629725148
AMAMBAY,2020-2021,1.1125132594503,1.1125132594503,1.1125132594503,0.0,1.1125132594503,0.0,0.556256629725148,1.66876988917544,1.66876988917544,1.1125132594503,1.1125132594503,2.22502651890059,1.66876988917544,1.66876988917544,3.33753977835089,2.22502651890059,1.1125132594503,1.66876988917544,1.66876988917544,2.22502651890059,1.1125132594503,2.22502651890059,1.1125132594503,3.33753977835089,1.1125132594503,0.556256629725148,0.556256629725148,1.1125132594503,0.556256629725148,1.1125132594503,0.0,0.556256629725148,0.0,0.556256629725148,0.556256629725148,1.1125132594503,0.556256629725148,1.66876988917544,0.556256629725148,0.556256629725148,0.556256629725148,0.0,0.556256629725148,0.0,0.0,0.0,0.0,0.0,1.1125132594503,0.556256629725148,0.556256629725148,0.556256629725148
AMAMBAY,2021-2022,0.556256629725148,2.22502651890059,2.22502651890059,2.22502651890059,1.66876988917544,0.556256629725148,0.0,1.66876988917544,0.556256629725148,0.0,2.22502651890059,0.0,0.556256629725148,1.112513259450294,1.66876988917544,0.0,0.0,0.0,0.0,0.0,0.0,0.0,0.556256629725148,1.1125132594503,0.0,1.1125132594503,3.33753977835089,0.556256629725148,5.56256629725148,7.78759281615207,3.33753977835089,7.23133618642693,2.78128314862574,1.1125132594503,0.556256629725148,1.66876988917544,1.1125132594503,0.0,0.0,0.0,0.556256629725148,0.556256629725148,0.0,0.556256629725148,0.0,0.0,0.0,0.0,0.0,0.0,0.0,0.0
AMAMBAY,2022-2023,0.0,0.0,0.0,0.0,0.0,1.66876988917544,1.66876988917544,1.66876988917544,2.22502651890059,1.1125132594503,2.22502651890059,4.45005303780118,6.11882292697663,6.11882292697662,1.1125132594503,0.556256629725148,4.45005303780118,7.23133618642693,7.23133618642693,19.4689820403802,11.125132594503,12.7939024836784,27.812831486257448,14.4626723728539,17.2439555214796,16.13144226202934,12.237645853953289,11.125132594503,12.7939024836784,6.11882292697663,7.78759281615207,7.23133618642693,4.45005303780118,3.893796408076038,3.89379640807604,1.66876988917544,2.22502651890059,1.1125132594503,0.556256629725148,1.1125132594503,0.556256629725148,0.0,0.0,0.0,1.66876988917544,0.0,0.0,0.556256629725148,0.556256629725148,0.0,0.0,1.1125132594503
ASUNCION,2018-2019,5.9490556311807,5.9490556311807,5.9490556311807,5.9490556311807,5.9490556311807,5.9490556311807,5.9490556311807,5.9490556311807,5.9490556311807,5.9490556311807,5.9490556311807,5.9490556311807,5.9490556311807,5.9490556311807,5.9490556311807,7.48429579406604,5.3733405700987,4.98953052937736,2.87857530541002,4.03000542757402,3.83810040721335,5.9490556311807,6.90858073298404,5.3733405700987,6.71667571262337,7.86810583478737,7.29239077370537,7.86810583478737,12.4738263234434,12.0900162827221,21.4933622803948,30.5128982373462,21.6852673007554,24.3719375858048,28.5938480337395,20.9176472193128,17.4633568528208,19.5743120767881,18.8066919953454,14.3928765270501,8.06001085514804,7.67620081442671,3.83810040721335,4.03000542757402,3.26238534613135,4.03000542757402,2.87857530541002,6.5247706922627,4.03000542757402,6.33286567190203,4.60572048865602,4.79762550901669
ASUNCION,2019-2020,6.33286567190203,10.5547761198367,10.5547761198367,9.21144097731205,6.90858073298404,10.5547761198367,14.7766865677714,17.2714518324601,20.3419321582308,22.4528873821981,37.0376689296089,44.5219647236749,54.884835823151,68.5100922687584,145.847815474107,412.979603816157,708.705240191946,896.580255125039,1215.14258892375,1376.53471104707,1173.30729448512,808.495850779493,598.359853484562,432.553915892945,199.389316154734,37.6133839906909,18.0390719139028,10.9385861605581,4.41381546829536,4.03000542757402,7.86810583478737,4.79762550901669,4.22191044793469,1.72714518324601,3.26238534613135,1.72714518324601,0.767620081442671,2.11095522396734,2.49476526468868,1.15143012216401,2.11095522396734,1.15143012216401,0.383810040721335,0.191905020360668,0.767620081442671,0.767620081442671,0.383810040721335,0.191905020360668,1.53524016288534,1.53524016288534,0.767620081442671,0.383810040721335
ASUNCION,2020-2021,1.72714518324601,0.959525101803338,3.26238534613135,1.91905020360668,3.07048032577068,7.29239077370537,5.56524559045936,7.67620081442671,7.67620081442671,9.40334599767272,9.59525101803338,8.82763093659071,9.59525101803338,9.21144097731205,11.3223962012794,11.8981112623614,14.7766865677714,13.2414464048861,14.7766865677714,14.2009715066894,18.2309769342634,13.6252564456074,14.2009715066894,10.3628710994761,10.1709660791154,11.3223962012794,9.97906105875472,11.1304911809187,9.78715603839405,9.97906105875472,8.44382089586938,7.29239077370537,6.90858073298404,6.90858073298404,9.21144097731205,7.1004857533447,5.3733405700987,4.79762550901669,3.64619538685269,2.87857530541002,6.5247706922627,3.26238534613135,2.30286024432801,2.87857530541002,1.91905020360668,2.11095522396734,2.87857530541002,2.49476526468868,4.79762550901669,4.60572048865602,3.64619538685269,3.83810040721335
ASUNCION,2021-2022,4.60572048865602,4.22191044793469,8.25191587550871,4.22191044793469,4.22191044793469,6.33286567190203,9.01953595695138,7.48429579406604,7.48429579406604,6.14096065154137,7.1004857533447,2.87857530541002,4.22191044793469,9.499298507853034,14.77668656777138,1.34333514252467,0.767620081442671,0.0,0.383810040721335,0.575715061082003,0.383810040721335,0.383810040721335,0.0,0.575715061082003,0.959525101803338,0.575715061082003,0.767620081442671,0.191905020360668,0.383810040721335,0.959525101803338,0.767620081442671,0.575715061082003,0.383810040721335,0.575715061082003,0.575715061082003,0.383810040721335,0.191905020360668,0.191905020360668,0.767620081442671,0.575715061082003,0.767620081442671,0.0,0.383810040721335,0.959525101803338,0.767620081442671,0.383810040721335,0.767620081442671,0.575715061082003,0.383810040721335,0.959525101803338,0.959525101803338,0.575715061082003
ASUNCION,2022-2023,1.34333514252467,1.15143012216401,1.91905020360668,2.87857530541002,2.87857530541002,5.18143554973803,6.33286567190203,8.63572591623005,10.5547761198367,12.2819213030827,16.6957367713781,25.7152727283295,27.4424179115755,37.99719403141223,5.3733405700987,4.22191044793469,9.403345997672718,9.21144097731205,13.2414464048861,10.554776119836768,11.514301221640034,8.06001085514804,10.3628710994761,9.211440977312044,12.665731343804069,11.514301221640068,17.07954681209947,11.514301221640068,14.584781547410769,15.9281166899354,11.130491180918767,11.514301221640068,7.29239077370537,7.48429579406604,13.0495413845254,14.3928765270501,14.2009715066894,8.06001085514804,4.22191044793469,7.484295794066038,7.29239077370537,4.22191044793469,3.262385346131348,3.07048032577068,4.98953052937736,6.14096065154137,4.79762550901669,7.1004857533447,4.60572048865602,6.71667571262337,6.71667571262337,9.40334599767272
BOQUERON,2018-2019,1.41833938903343,1.41833938903343,1.41833938903343,1.41833938903343,1.41833938903343,1.41833938903343,1.41833938903343,1.41833938903343,1.41833938903343,1.41833938903343,1.41833938903343,1.41833938903343,1.41833938903343,1.41833938903343,1.41833938903343,1.41833938903343,1.41833938903343,0.0,1.41833938903343,1.41833938903343,0.0,1.41833938903343,0.0,1.41833938903343,0.0,1.41833938903343,2.83667877806685,8.51003633420055,8.51003633420055,2.83667877806685,1.41833938903343,2.83667877806685,2.83667877806685,8.51003633420055,2.83667877806685,7.09169694516713,2.83667877806685,4.25501816710028,2.83667877806685,8.51003633420055,2.83667877806685,1.41833938903343,0.0,4.25501816710028,0.0,5.6733575561337,1.41833938903343,7.09169694516713,2.83667877806685,5.6733575561337,0.0,4.25501816710028
BOQUERON,2019-2020,8.51003633420055,0.0,7.09169694516713,1.41833938903343,9.92837572323398,14.1833938903343,4.25501816710028,5.6733575561337,4.25501816710028,8.51003633420055,11.3467151122674,35.4584847258356,63.8252725065041,55.3152361723036,110.630472344607,286.504556584752,347.493150313189,470.888677159097,338.983113978989,351.748168480289,418.41011976486,280.831199028618,209.914229576947,158.854011571744,113.467151122674,49.6418786161699,15.6017332793677,11.3467151122674,8.51003633420055,14.1833938903343,4.25501816710028,2.83667877806685,7.09169694516713,4.25501816710028,4.25501816710028,11.3467151122674,4.25501816710028,1.41833938903343,8.51003633420055,1.41833938903343,2.83667877806685,0.0,0.0,0.0,0.0,0.0,0.0,0.0,0.0,0.0,0.0,0.0
BOQUERON,2020-2021,0.0,0.0,0.0,0.0,0.0,0.0,0.0,0.0,1.41833938903343,0.0,5.6733575561337,0.0,1.41833938903343,4.25501816710028,2.83667877806685,5.6733575561337,5.6733575561337,4.25501816710028,9.92837572323398,18.4384120574345,17.0200726684011,15.6017332793677,17.0200726684011,15.6017332793677,15.6017332793677,15.6017332793677,25.5301090026017,18.4384120574345,19.856751446468,24.1117696135682,26.9484483916351,14.1833938903343,9.92837572323398,8.51003633420055,7.09169694516713,5.6733575561337,1.41833938903343,2.83667877806685,2.83667877806685,1.41833938903343,1.41833938903343,0.0,4.25501816710028,0.0,2.83667877806685,2.83667877806685,0.0,0.0,4.25501816710028,4.25501816710028,5.6733575561337,0.0
BOQUERON,2021-2022,2.83667877806685,8.51003633420055,5.6733575561337,0.0,5.6733575561337,2.83667877806685,2.83667877806685,4.25501816710028,0.0,1.41833938903343,0.0,0.0,0.0,1.418339389033425,2.83667877806685,0.0,0.0,0.0,0.0,0.0,0.0,0.0,0.0,0.0,0.0,0.0,0.0,0.0,0.0,0.0,0.0,1.41833938903343,0.0,4.25501816710028,0.0,1.41833938903343,0.0,0.0,0.0,0.0,0.0,0.0,0.0,0.0,0.0,0.0,0.0,0.0,0.0,0.0,0.0,0.0
BOQUERON,2022-2023,0.0,0.0,0.0,0.0,0.0,0.0,1.41833938903343,1.41833938903343,0.0,0.0,0.0,0.0,1.41833938903343,0.0,7.09169694516713,5.6733575561337,12.7650545013008,9.92837572323398,36.8768241148691,42.5501816710028,29.7851271697019,26.9484483916351,69.4986300626378,137.57892073624242,90.7737208981392,112.04881173364043,171.61906607304485,131.90556318010843,215.58758713308055,285.086217195718,188.63913874144583,243.954374913749,83.6820239529721,131.90556318010843,116.30382990074044,138.997260125276,170.200726684011,89.3553815091058,28.3667877806685,24.1117696135682,42.5501816710028,32.6218059477688,14.1833938903343,9.92837572323398,7.09169694516713,17.0200726684011,2.83667877806685,0.0,9.92837572323398,1.41833938903343,2.83667877806685,4.25501816710028
CAAGUAZU,2018-2019,0.171635404861229,0.171635404861229,0.171635404861229,0.171635404861229,0.171635404861229,0.171635404861229,0.171635404861229,0.171635404861229,0.171635404861229,0.171635404861229,0.171635404861229,0.171635404861229,0.171635404861229,0.171635404861229,0.171635404861229,1.02981242916737,1.37308323888983,0.343270809722458,0.858177024306144,1.02981242916737,1.54471864375106,3.43270809722458,2.23126026319598,3.60434350208581,5.83560376528178,5.83560376528178,5.83560376528178,15.1039156277881,14.9322802229269,14.0741031986208,22.484238036821,23.8573212757108,37.5881536646091,43.7670282396134,27.6333001826578,17.8500821055678,16.8202696764004,16.3053634618167,14.0741031986208,7.7235932187553,6.35050997986547,2.05962485833475,1.54471864375106,1.88798945347352,1.02981242916737,0.514906214583687,1.02981242916737,0.858177024306144,1.54471864375106,2.23126026319598,1.54471864375106,0.858177024306144
CAAGUAZU,2019-2020,2.05962485833475,1.88798945347352,1.71635404861229,1.54471864375106,1.88798945347352,2.23126026319598,2.57453107291843,3.26107269236335,3.26107269236335,4.11924971666949,3.94761431180826,1.02981242916737,1.02981242916737,5.14906214583687,8.75340564792267,37.7597890694704,78.7806508313041,77.5792029972754,62.3036519646261,77.7508384021367,95.0860142931208,122.719314475779,148.121354395241,116.540439900774,75.6912135438019,21.9693318222373,18.3649883201515,10.6413951013962,3.94761431180826,2.23126026319598,2.23126026319598,0.686541619444915,1.88798945347352,1.54471864375106,1.2014478340286,1.54471864375106,1.54471864375106,1.02981242916737,0.858177024306144,0.343270809722458,0.858177024306144,0.343270809722458,0.343270809722458,0.686541619444915,0.514906214583687,0.514906214583687,1.02981242916737,0.686541619444915,0.343270809722458,0.171635404861229,0.858177024306144,0.343270809722458
CAAGUAZU,2020-2021,0.686541619444915,1.54471864375106,0.686541619444915,0.343270809722458,0.858177024306144,2.23126026319598,1.2014478340286,2.57453107291843,2.23126026319598,1.71635404861229,1.88798945347352,1.37308323888983,1.71635404861229,2.57453107291843,5.49233295555932,4.11924971666949,3.94761431180826,2.23126026319598,3.77597890694704,4.63415593125318,3.60434350208581,1.88798945347352,3.43270809722458,4.29088512153072,7.38032240903284,8.58177024306144,5.3206975506981,4.97742674097564,7.89522862361653,9.61158267222882,7.55195781389407,5.49233295555932,5.3206975506981,5.3206975506981,3.94761431180826,4.97742674097564,2.91780188264089,3.26107269236335,2.74616647777966,1.54471864375106,2.05962485833475,1.54471864375106,1.2014478340286,0.171635404861229,1.02981242916737,0.514906214583687,1.02981242916737,1.02981242916737,1.02981242916737,1.02981242916737,1.2014478340286,0.514906214583687
CAAGUAZU,2021-2022,0.858177024306144,1.37308323888983,2.23126026319598,0.858177024306144,3.60434350208581,2.4028956680572,3.08943728750212,3.26107269236335,2.4028956680572,5.49233295555932,2.05962485833475,2.74616647777966,2.74616647777966,3.518525799655189,4.290885121530718,1.54471864375106,1.02981242916737,0.343270809722458,0.0,0.0,0.343270809722458,0.171635404861229,0.343270809722458,0.171635404861229,0.0,1.2014478340286,0.514906214583687,0.858177024306144,1.2014478340286,1.02981242916737,0.858177024306144,2.4028956680572,0.171635404861229,1.88798945347352,0.514906214583687,0.343270809722458,0.171635404861229,0.686541619444915,0.686541619444915,0.171635404861229,0.0,0.343270809722458,0.0,0.343270809722458,0.0,0.171635404861229,0.0,0.343270809722458,0.343270809722458,0.171635404861229,0.0,0.171635404861229
CAAGUAZU,2022-2023,0.514906214583687,0.686541619444915,1.88798945347352,1.54471864375106,1.02981242916737,0.514906214583687,1.71635404861229,0.858177024306144,0.514906214583687,1.2014478340286,3.94761431180826,5.49233295555932,4.46252052639195,6.8654161944491605,0.858177024306144,0.343270809722458,0.858177024306144,2.23126026319598,3.94761431180826,4.29088512153072,3.43270809722458,3.08943728750212,5.3206975506981,15.4471864375106,8.9250410527839,23.3424150611271,7.208687004171609,4.80579133611441,4.63415593125318,0.514906214583687,1.88798945347352,1.71635404861229,1.2014478340286,0.686541619444915,1.02981242916737,1.71635404861229,1.2014478340286,0.343270809722458,0.0,0.171635404861229,0.171635404861229,0.686541619444915,0.0,0.171635404861229,0.171635404861229,0.514906214583687,0.171635404861229,0.514906214583687,0.171635404861229,0.514906214583687,1.2014478340286,1.71635404861229
CAAZAPA,2018-2019,1.00265436326056,1.00265436326056,1.00265436326056,1.00265436326056,1.00265436326056,1.00265436326056,1.00265436326056,1.00265436326056,1.00265436326056,1.00265436326056,1.00265436326056,1.00265436326056,1.00265436326056,1.00265436326056,1.00265436326056,1.00265436326056,1.00265436326056,1.00265436326056,1.00265436326056,0.0,0.0,0.501327181630282,1.50398154489085,0.501327181630282,1.00265436326056,0.501327181630282,1.00265436326056,2.00530872652113,1.50398154489085,2.50663590815141,0.501327181630282,1.00265436326056,1.00265436326056,1.00265436326056,0.0,0.0,0.501327181630282,0.0,1.00265436326056,0.501327181630282,0.0,0.0,0.0,0.0,0.0,0.0,0.0,0.0,0.0,0.0,0.0,0.0
CAAZAPA,2019-2020,0.0,1.50398154489085,0.501327181630282,1.00265436326056,0.0,0.501327181630282,1.50398154489085,1.50398154489085,2.00530872652113,1.00265436326056,1.00265436326056,0.501327181630282,2.50663590815141,1.50398154489085,6.01592617956339,21.5570688101021,53.6420084344402,67.6791695200881,56.1486443425916,42.612810438574,38.6021929855317,36.0955570773803,44.6181191650951,34.5915755324895,13.0345067223873,7.01858054282395,2.00530872652113,1.50398154489085,1.00265436326056,0.0,0.0,0.0,0.0,1.00265436326056,0.0,0.0,0.501327181630282,0.0,0.501327181630282,0.0,0.0,0.0,0.0,0.0,0.0,0.0,0.0,0.0,0.0,0.0,0.0,0.0
CAAZAPA,2020-2021,0.501327181630282,0.501327181630282,0.501327181630282,0.0,0.0,1.00265436326056,0.0,0.0,0.0,0.0,0.0,1.00265436326056,0.501327181630282,0.0,0.0,0.0,0.0,0.501327181630282,1.00265436326056,0.0,0.501327181630282,1.00265436326056,2.50663590815141,9.02388926934508,4.51194463467254,3.50929027141198,5.5145989979331,6.01592617956339,2.50663590815141,5.01327181630282,4.01061745304226,1.00265436326056,1.50398154489085,2.00530872652113,0.0,0.501327181630282,0.0,0.0,0.0,0.0,0.0,0.501327181630282,0.0,0.0,0.0,0.0,0.0,0.501327181630282,0.0,0.501327181630282,0.0,0.0
CAAZAPA,2021-2022,0.0,0.0,0.0,1.00265436326056,0.501327181630282,0.501327181630282,0.0,1.50398154489085,0.0,0.0,1.00265436326056,0.0,0.501327181630282,0.751990772445421,1.00265436326056,0.0,0.0,0.0,0.0,0.501327181630282,0.0,0.0,0.0,0.0,0.0,0.0,0.0,0.0,0.0,0.0,0.0,0.0,0.0,0.0,0.0,0.0,0.0,0.0,0.0,0.0,0.0,0.0,0.0,0.0,0.0,0.0,0.0,0.0,0.0,0.0,0.0,0.0
CAAZAPA,2022-2023,0.0,0.0,0.501327181630282,0.0,0.501327181630282,1.00265436326056,2.00530872652113,0.501327181630282,0.501327181630282,0.501327181630282,1.50398154489085,1.50398154489085,1.50398154489085,1.002654363260564,0.0,1.00265436326056,0.0,1.50398154489085,2.50663590815141,0.501327181630282,0.0,0.501327181630282,0.0,0.501327181630282,1.00265436326056,0.0,0.501327181630282,0.0,0.0,0.0,0.0,0.501327181630282,0.0,0.501327181630282,1.00265436326056,2.00530872652113,0.0,0.0,0.501327181630282,0.0,0.0,0.0,0.501327181630282,0.501327181630282,1.50398154489085,0.0,1.00265436326056,1.50398154489085,0.0,1.00265436326056,1.50398154489085,1.00265436326056
CANINDEYU,2018-2019,0.402978981536587,0.402978981536587,0.402978981536587,0.402978981536587,0.402978981536587,0.402978981536587,0.402978981536587,0.402978981536587,0.402978981536587,0.402978981536587,0.402978981536587,0.402978981536587,0.402978981536587,0.402978981536587,0.402978981536587,0.402978981536587,0.402978981536587,0.402978981536587,0.805957963073173,1.20893694460976,2.01489490768293,2.41787388921952,5.23872675997563,7.65660064919514,5.64170574151221,7.65660064919514,14.9102223168537,26.9995917629513,30.223423615244,31.0293815783172,60.446847230488,51.9842886182197,42.7157720428782,46.745561858244,45.9396038951709,35.4621503752196,23.372780929122,27.8055497260245,24.5817178737318,10.4774535199513,6.44766370458539,3.62681083382928,5.23872675997563,2.01489490768293,3.62681083382928,2.82085287075611,2.82085287075611,0.402978981536587,0.805957963073173,0.0,2.01489490768293,1.61191592614635
CANINDEYU,2019-2020,5.23872675997563,4.83574777843904,3.62681083382928,7.25362166765856,2.01489490768293,2.82085287075611,1.61191592614635,6.0446847230488,8.8655375938049,14.9102223168537,13.7012853722439,17.7310751876098,19.3429911137562,26.5966127814147,16.5221382430001,73.7451536211953,114.849009737927,136.206895759366,107.192409088732,114.849009737927,122.505610387122,120.893694460976,98.3268714949271,95.9089976057076,23.7757599106586,11.686390464561,2.01489490768293,5.23872675997563,6.85064268612197,7.25362166765856,1.61191592614635,4.02978981536587,3.22383185229269,0.402978981536587,0.0,0.0,0.402978981536587,0.402978981536587,0.0,0.0,0.0,0.0,0.402978981536587,0.402978981536587,0.0,0.402978981536587,0.0,0.0,0.402978981536587,0.0,1.61191592614635,1.20893694460976
CANINDEYU,2020-2021,2.41787388921952,1.20893694460976,1.20893694460976,0.402978981536587,0.805957963073173,2.41787388921952,1.20893694460976,3.62681083382928,1.20893694460976,0.402978981536587,0.0,2.41787388921952,2.01489490768293,1.20893694460976,3.62681083382928,2.41787388921952,6.44766370458539,6.44766370458539,8.05957963073173,9.26851657534149,12.4923484276342,6.44766370458539,7.65660064919514,10.0744745384147,5.64170574151221,5.23872675997563,1.20893694460976,4.02978981536587,6.44766370458539,4.83574777843904,4.02978981536587,1.20893694460976,3.22383185229269,3.22383185229269,2.01489490768293,3.22383185229269,1.61191592614635,1.20893694460976,0.402978981536587,0.402978981536587,2.41787388921952,1.20893694460976,0.402978981536587,0.805957963073173,0.805957963073173,1.20893694460976,1.61191592614635,0.805957963073173,0.805957963073173,5.23872675997563,3.62681083382928,1.61191592614635
CANINDEYU,2021-2022,1.61191592614635,2.01489490768293,2.82085287075611,3.22383185229269,0.805957963073173,4.83574777843904,2.41787388921952,4.02978981536587,2.41787388921952,1.61191592614635,2.82085287075611,2.82085287075611,1.20893694460976,3.223831852292694,5.238726759975627,0.0,0.0,0.0,0.0,0.0,0.0,0.805957963073173,0.0,0.805957963073173,0.0,0.0,0.0,0.0,0.0,0.0,1.20893694460976,2.01489490768293,5.23872675997563,1.61191592614635,0.805957963073173,2.01489490768293,0.0,1.61191592614635,0.402978981536587,0.805957963073173,0.805957963073173,0.805957963073173,0.805957963073173,0.0,1.61191592614635,0.402978981536587,0.0,0.402978981536587,0.0,0.0,0.0,0.0
CANINDEYU,2022-2023,0.805957963073173,0.402978981536587,2.41787388921952,1.61191592614635,4.83574777843904,2.82085287075611,5.23872675997563,8.8655375938049,7.25362166765856,2.82085287075611,5.64170574151221,4.02978981536587,2.01489490768293,6.447663704585382,0.805957963073173,0.402978981536587,1.61191592614635,2.01489490768293,2.01489490768293,2.82085287075611,1.61191592614635,10.0744745384147,11.686390464561,7.65660064919514,7.65660064919514,5.64170574151221,21.3578860214391,8.05957963073173,6.44766370458539,2.41787388921952,2.01489490768293,2.41787388921952,2.01489490768293,3.22383185229269,2.41787388921952,2.82085287075611,2.82085287075611,0.805957963073173,0.0,0.805957963073173,0.0,1.20893694460976,0.805957963073173,0.0,4.83574777843904,5.23872675997563,6.0446847230488,1.61191592614635,1.20893694460976,2.82085287075611,3.62681083382928,1.61191592614635
CENTRAL,2018-2019,3.13512818171835,3.13512818171835,3.13512818171835,3.13512818171835,3.13512818171835,3.13512818171835,3.13512818171835,3.13512818171835,3.13512818171835,3.13512818171835,3.13512818171835,3.13512818171835,3.13512818171835,3.13512818171835,3.13512818171835,6.09846851786308,7.98813481917277,6.4420442090103,7.55866520523875,6.4420442090103,5.36837017417525,5.75489282671587,4.93890056024123,5.11068840581484,5.06774144442143,5.66899890392906,5.66899890392906,5.49721105835545,8.03108178056617,8.6323392400738,13.0558762635942,15.2461712946577,20.0132840093253,20.1850718548989,16.9640497503938,15.0743834490841,15.4609061016247,14.0436563756425,12.7981944952338,10.2643237730231,6.3561502862235,3.39280995007876,4.46648398491381,3.22102210450515,3.22102210450515,3.26396906589855,2.27618895385031,3.09218122032494,2.44797679942391,3.34986298868536,3.22102210450515,3.13512818171835
CENTRAL,2019-2020,4.3376431007336,5.66899890392906,5.28247625138845,4.98184752163463,7.73045305081236,8.11697570335298,9.01886189261442,13.1847171477744,15.8903757155587,18.9825569358837,26.5841691025158,35.259455303983,42.302756972501,42.9040144320086,75.7154929365677,230.453394836995,447.850913410396,560.243111376929,646.09408720234,841.116238889778,722.496731521202,543.794425163256,447.722072526216,271.768371697448,131.074126172663,24.6515558398127,9.36243758376163,4.81005967606102,2.83449945196453,2.53387072221072,2.57681768360412,1.50314364876907,1.33135580319546,1.24546188040866,0.730098343687834,0.558310498114226,0.601257459507628,1.15956795762185,0.85893922786804,0.687151382294432,0.472416575327422,0.687151382294432,0.257681768360412,0.343575691147216,0.300628729753814,0.515363536720824,0.386522652540618,0.386522652540618,0.300628729753814,0.85893922786804,0.171787845573608,0.472416575327422
CENTRAL,2020-2021,0.687151382294432,1.03072707344165,0.901886189261442,1.41724972598227,2.1044011082767,1.54609061016247,2.2332419924569,2.74860552917773,3.09218122032494,3.56459779565237,3.34986298868536,3.69343867983257,3.95112044819298,4.4235370235204,7.21508951409153,8.20286962613978,8.89002100843421,7.42982432105854,9.31949062236823,10.4790585799901,12.1110431129394,9.36243758376163,10.0925359274495,9.01886189261442,9.27654366097483,6.95740774573112,6.18436244064989,7.12919559130473,5.41131713556865,5.02479448302803,4.2088022165534,3.22102210450515,3.39280995007876,3.73638564122597,4.50943094630721,2.66271160639092,2.01850718548989,1.97556022409649,1.50314364876907,1.03072707344165,1.50314364876907,1.67493149434268,1.24546188040866,0.773045305081236,1.15956795762185,0.687151382294432,1.88966630130969,1.58903757155587,1.97556022409649,2.92039337475134,2.1473480696701,2.53387072221072
CENTRAL,2021-2022,2.53387072221072,2.53387072221072,2.66271160639092,3.22102210450515,3.43575691147216,3.77933260261938,3.86522652540618,4.55237790770061,5.02479448302803,4.59532486909401,4.2946961393402,2.53387072221072,3.95112044819298,5.561631500445557,7.172142552698135,0.730098343687834,0.472416575327422,0.085893922786804,0.300628729753814,0.257681768360412,0.085893922786804,0.171787845573608,0.515363536720824,0.21473480696701,0.386522652540618,0.64420442090103,0.21473480696701,0.558310498114226,0.343575691147216,0.601257459507628,1.03072707344165,0.64420442090103,1.15956795762185,0.601257459507628,0.601257459507628,0.171787845573608,0.343575691147216,0.343575691147216,0.558310498114226,0.300628729753814,0.472416575327422,0.42946961393402,0.171787845573608,0.171787845573608,0.386522652540618,0.386522652540618,0.300628729753814,0.21473480696701,0.257681768360412,0.42946961393402,0.257681768360412,0.386522652540618
CENTRAL,2022-2023,0.472416575327422,0.601257459507628,0.987780112048246,1.15956795762185,1.93261326270309,1.88966630130969,3.26396906589855,4.07996133237319,4.59532486909401,6.18436244064989,10.1784298502363,16.3627922908862,21.6023215808812,25.338707222107196,6.91446078433772,10.0066420046627,11.1232630008911,15.6326939471983,14.387232066789704,10.049588966056103,7.859293934992566,8.159922664746382,8.718233162860605,5.626051942535662,7.386877359665144,8.546445317287,6.442044209010304,4.810059676061022,8.116975703352976,6.871513822944316,6.699725977370714,7.51571824384535,6.184362440649882,5.3254232127818515,7.4298243210585415,8.24581658753318,7.25803647548494,5.02479448302803,2.27618895385031,2.87744641335793,4.63827183048742,3.60754475704577,1.97556022409649,1.67493149434268,3.26396906589855,3.60754475704577,2.74860552917773,3.39280995007876,3.04923425893154,3.22102210450515,4.380590062127,6.01257459507628
CONCEPCION,2018-2019,0.751677077832404,0.751677077832404,0.751677077832404,0.751677077832404,0.751677077832404,0.751677077832404,0.751677077832404,0.751677077832404,0.751677077832404,0.751677077832404,0.751677077832404,0.751677077832404,0.751677077832404,0.751677077832404,0.751677077832404,0.751677077832404,0.375838538916202,0.0,0.751677077832404,0.375838538916202,0.751677077832404,1.12751561674861,1.87919269458101,1.12751561674861,3.00670831132962,5.26173954482683,4.88590100591062,4.51006246699442,10.8993176285699,6.76509370049163,12.0268332453185,25.5570206463017,19.9194425625587,18.7919269458101,18.4160884068939,21.4227967182235,21.4227967182235,22.5503123349721,19.9194425625587,25.9328591852179,19.5436040236425,3.75838538916202,17.2885727901453,9.77180201182125,11.2751561674861,5.63757808374303,6.01341662265923,1.50335415566481,1.50335415566481,0.375838538916202,0.0,0.375838538916202
CONCEPCION,2019-2020,0.375838538916202,1.87919269458101,2.63086977241341,1.50335415566481,1.50335415566481,3.00670831132962,3.75838538916202,4.51006246699442,3.00670831132962,9.02012493398885,6.01341662265923,6.76509370049163,3.75838538916202,11.2751561674861,33.8254685024582,78.5502546334862,100.724728429542,118.013301219687,155.221316572391,217.610514032481,249.932628379274,241.288341984202,193.181009002928,175.14075913495,94.3354732679667,39.4630465862012,20.2952811014749,12.7785103231509,3.38254685024582,4.88590100591062,3.38254685024582,2.63086977241341,6.01341662265923,2.25503123349721,2.63086977241341,1.50335415566481,1.12751561674861,0.375838538916202,0.375838538916202,0.375838538916202,0.751677077832404,0.0,0.375838538916202,0.0,0.375838538916202,0.0,0.751677077832404,1.12751561674861,1.12751561674861,0.751677077832404,0.751677077832404,0.751677077832404
CONCEPCION,2020-2021,0.751677077832404,4.51006246699442,2.63086977241341,1.87919269458101,1.12751561674861,3.38254685024582,2.25503123349721,3.75838538916202,4.51006246699442,3.00670831132962,2.25503123349721,10.1476405507375,7.89260931724024,18.4160884068939,12.7785103231509,10.1476405507375,18.0402498679777,17.6644113290615,19.9194425625587,19.5436040236425,20.6711196403911,13.1543488620671,16.5368957123129,12.7785103231509,19.1677654847263,14.6577030177319,11.6509947064023,10.8993176285699,11.6509947064023,7.14093223940784,4.88590100591062,5.63757808374303,4.88590100591062,6.01341662265923,6.01341662265923,7.14093223940784,6.38925516157543,1.50335415566481,3.75838538916202,3.75838538916202,1.87919269458101,2.63086977241341,2.63086977241341,0.751677077832404,3.75838538916202,1.50335415566481,2.63086977241341,3.38254685024582,3.38254685024582,3.00670831132962,2.25503123349721,0.751677077832404
CONCEPCION,2021-2022,4.13422392807822,3.00670831132962,4.51006246699442,2.63086977241341,2.25503123349721,3.38254685024582,4.51006246699442,5.26173954482683,1.87919269458101,3.00670831132962,2.63086977241341,1.50335415566481,6.38925516157543,14.281864478815663,22.1744737960559,0.0,0.0,0.0,0.0,0.0,0.0,0.0,0.375838538916202,0.375838538916202,0.375838538916202,0.0,0.0,0.751677077832404,0.0,0.0,0.0,0.0,0.0,0.0,0.375838538916202,0.0,0.0,0.0,0.0,0.0,0.375838538916202,0.0,0.0,0.0,0.0,0.0,0.0,0.0,0.375838538916202,0.0,0.375838538916202,0.751677077832404
CONCEPCION,2022-2023,0.751677077832404,0.0,0.751677077832404,1.50335415566481,1.12751561674861,1.50335415566481,1.12751561674861,1.12751561674861,1.87919269458101,4.51006246699442,11.2751561674861,11.2751561674861,10.5234790896537,22.550312334972112,14.2818644788157,11.2751561674861,6.38925516157543,4.134223928078222,5.26173954482683,10.523479089653701,6.765093700491632,10.899317628569904,18.41608840689391,21.04695817930731,31.19459873004472,29.69124457437991,20.67111964039111,12.0268332453185,16.5368957123129,5.26173954482683,7.1409322394078325,6.3892551615754325,4.88590100591062,11.27515616748611,5.26173954482683,10.523479089653655,8.64428639507264,5.26173954482683,3.75838538916202,4.51006246699442,4.51006246699442,4.51006246699442,4.51006246699442,2.63086977241341,6.01341662265923,6.01341662265923,6.76509370049163,6.38925516157543,10.5234790896537,7.51677077832404,5.63757808374303,8.26844785615644
CORDILLERA,2018-2019,0.309559056882089,0.309559056882089,0.309559056882089,0.309559056882089,0.309559056882089,0.309559056882089,0.309559056882089,0.309559056882089,0.309559056882089,0.309559056882089,0.309559056882089,0.309559056882089,0.309559056882089,0.309559056882089,0.309559056882089,1.54779528441044,2.47647245505671,1.54779528441044,0.928677170646267,0.928677170646267,0.928677170646267,1.23823622752836,0.928677170646267,0.928677170646267,1.54779528441044,1.23823622752836,2.16691339817462,1.23823622752836,1.85735434129253,4.95294491011342,6.81029925140596,8.04853547893431,8.97721264958058,8.04853547893431,8.66765359269849,9.59633076334475,6.81029925140596,3.71470868258507,4.64338585323133,1.85735434129253,1.85735434129253,3.40514962570298,1.23823622752836,0.619118113764178,0.309559056882089,0.309559056882089,0.928677170646267,1.54779528441044,0.928677170646267,0.309559056882089,1.85735434129253,0.928677170646267
CORDILLERA,2019-2020,0.928677170646267,2.7860315119388,2.7860315119388,3.40514962570298,4.02426773946716,6.81029925140596,8.97721264958058,6.19118113764178,6.50074019452387,5.26250396699551,13.0014803890477,14.5492756734582,15.4779528441044,14.5492756734582,18.8831024698074,52.9345987268372,101.535370657325,125.061858980364,131.87215823177,161.280268635568,115.155969160137,101.535370657325,95.3441895196834,50.7676853286626,23.8360473799208,12.3823622752836,4.64338585323133,3.09559056882089,0.928677170646267,0.928677170646267,0.619118113764178,0.619118113764178,0.0,0.309559056882089,0.619118113764178,0.619118113764178,0.0,0.309559056882089,0.309559056882089,0.309559056882089,0.0,0.619118113764178,0.0,0.0,0.0,0.0,0.0,0.0,0.0,0.0,0.0,0.0
CORDILLERA,2020-2021,0.0,0.309559056882089,0.309559056882089,0.0,0.309559056882089,0.928677170646267,1.23823622752836,0.309559056882089,0.309559056882089,0.0,0.928677170646267,0.928677170646267,1.23823622752836,1.54779528441044,0.309559056882089,0.619118113764178,0.928677170646267,1.54779528441044,1.23823622752836,0.0,0.0,0.309559056882089,0.309559056882089,0.0,1.85735434129253,0.0,0.619118113764178,0.309559056882089,0.309559056882089,0.309559056882089,1.54779528441044,0.619118113764178,0.928677170646267,0.619118113764178,0.928677170646267,0.309559056882089,0.0,0.0,0.619118113764178,0.0,0.0,0.0,0.0,0.0,0.0,0.309559056882089,0.0,0.0,0.0,0.309559056882089,0.0,0.0
CORDILLERA,2021-2022,0.0,0.0,0.309559056882089,0.0,0.0,0.0,0.309559056882089,0.928677170646267,0.0,0.928677170646267,1.85735434129253,0.619118113764178,0.309559056882089,1.238236227528354,2.166913398174619,0.0,0.0,0.0,0.0,0.0,0.0,0.0,0.0,0.0,0.0,0.0,0.0,0.0,0.0,0.309559056882089,0.0,0.0,0.0,0.0,0.0,0.0,0.0,0.0,0.0,0.0,0.0,0.0,0.0,0.0,0.0,0.0,0.0,0.0,0.0,0.0,0.0,0.0
CORDILLERA,2022-2023,0.619118113764178,0.0,0.0,0.309559056882089,0.619118113764178,0.309559056882089,0.619118113764178,0.0,0.309559056882089,2.16691339817462,2.47647245505671,3.71470868258507,3.40514962570298,3.714708682585069,1.54779528441044,1.23823622752836,2.47647245505671,4.02426773946716,1.54779528441044,4.02426773946716,1.54779528441044,3.405149625702979,4.02426773946716,5.5720630238776,6.191181137641779,8.667653592698489,4.0242677394671595,6.19118113764178,8.048535478934308,8.977212649580578,7.11985830828804,10.215448877108928,10.525007933991,6.81029925140596,7.73897642205222,13.001480389047689,7.42941736517013,8.3580945358164,3.40514962570298,4.02426773946716,6.19118113764178,3.09559056882089,2.7860315119388,0.619118113764178,0.309559056882089,0.928677170646267,2.47647245505671,1.85735434129253,0.928677170646267,0.928677170646267,1.23823622752836,3.40514962570298
CENTRO_EST,2018-2019,0.589574122864219,0.589574122864219,0.589574122864219,0.589574122864219,0.589574122864219,0.589574122864219,0.589574122864219,0.589574122864219,0.589574122864219,0.589574122864219,0.589574122864219,0.589574122864219,0.589574122864219,0.589574122864219,0.589574122864219,1.31520381254326,2.58505576948158,4.48983370488905,6.07714865106195,7.57375988602497,10.4309267891362,12.5624640025684,18.4128533756056,24.4446501710626,28.9344838759517,29.6147617100258,26.5308355288899,32.2451693351123,33.2882620140259,26.394779962075,28.707724597927,24.6714094490873,28.2088541862726,21.9956499683959,15.7824457505191,9.61459338824726,8.66220442054352,7.70981545283979,7.02953761876569,3.62814844839519,2.67575948069146,1.5873149461729,0.907037112098798,0.634925978469159,0.408166700444459,0.18140742241976,0.498870411654339,0.498870411654339,0.544222267259279,0.770981545283979,0.725629689679039,0.498870411654339
CENTRO_EST,2019-2020,0.770981545283979,1.1337963901235,1.8140742241976,1.99548164661736,2.267592780247,3.35603731476555,3.40138917037049,3.67350030400013,4.12701886004953,4.08166700444459,6.71207462953111,4.67124112730881,3.94561143762977,5.85038937303725,9.25177854340774,28.3449097530874,61.0435976442491,74.9212654593607,70.0232650540272,79.3657473086449,78.4133583409411,86.4406367830155,95.7377671820282,72.6990245347187,42.0865220013842,18.095390386371,14.2404826599511,9.56924153264232,4.48983370488905,4.21772257125941,2.67575948069146,2.267592780247,2.58505576948158,1.67801865738278,1.5873149461729,0.816333400888918,0.770981545283979,0.816333400888918,0.680277834074099,0.816333400888918,0.408166700444459,0.317462989234579,0.453518556049399,0.498870411654339,0.317462989234579,0.453518556049399,0.27211113362964,0.453518556049399,0.18140742241976,0.0907037112098798,0.589574122864219,0.27211113362964
CENTRO_EST,2020-2021,0.589574122864219,1.1337963901235,0.725629689679039,0.861685256493858,0.861685256493858,1.04309267891362,1.1337963901235,1.3605556681482,1.54196309056796,0.725629689679039,1.5873149461729,1.22450010133338,1.49661123496302,1.40590752375314,2.81181504750628,2.94787061432109,3.62814844839519,3.26533360355567,4.08166700444459,5.21546339456809,4.30842628246929,3.76420401521001,6.89348205195087,6.16785236227183,6.03179679545701,6.39461164029653,5.71433380622243,5.30616710577797,4.98870411654339,8.07263029767931,6.16785236227183,4.08166700444459,3.67350030400013,3.17462989234579,1.95012979101242,2.0408335022223,1.31520381254326,1.45125937935808,1.17914824572844,0.680277834074099,0.770981545283979,0.589574122864219,0.453518556049399,0.0453518556049399,0.453518556049399,0.27211113362964,0.408166700444459,0.408166700444459,0.317462989234579,0.634925978469159,0.634925978469159,0.725629689679039
CENTRO_EST,2021-2022,0.634925978469159,0.861685256493858,1.26985195693832,1.08844453451856,1.63266680177784,1.45125937935808,1.72337051298772,1.8140742241976,1.17914824572844,3.03857432553097,2.40364834706182,1.49661123496302,2.08618535782724,2.29026870804947,2.4943520582717,0.408166700444459,0.317462989234579,0.0907037112098798,0.0907037112098798,0.0453518556049399,0.0907037112098798,0.0453518556049399,0.13605556681482,0.13605556681482,0.0,0.317462989234579,0.13605556681482,0.27211113362964,0.408166700444459,0.408166700444459,0.317462989234579,0.725629689679039,0.13605556681482,0.544222267259279,0.18140742241976,0.13605556681482,0.13605556681482,0.18140742241976,0.27211113362964,0.0453518556049399,0.0907037112098798,0.0907037112098798,0.0,0.13605556681482,0.0,0.13605556681482,0.0,0.2267592780247,0.18140742241976,0.18140742241976,0.0453518556049399,0.13605556681482
CENTRO_EST,2022-2023,0.2267592780247,0.27211113362964,0.816333400888918,1.04309267891362,0.589574122864219,0.634925978469159,1.85942607980254,1.04309267891362,1.1337963901235,1.85942607980254,2.90251875871615,4.12701886004953,3.40138917037049,4.26307442686436,0.453518556049399,0.544222267259279,0.861685256493858,2.0408335022223,2.13153721343218,2.63040762508652,1.95012979101242,2.17688906903712,2.85716690311122,6.07714865106195,4.8980004053335096,8.66220442054352,6.21320421787677,4.67124112730881,5.21546339456809,2.99322246992604,2.63040762508652,2.6757594806914597,2.9932224699260397,2.0408335022223,2.22224092464206,3.2653336035556704,1.8140742241976,1.76872236859266,0.816333400888918,0.907037112098798,1.45125937935808,0.997740823308678,0.725629689679039,0.362814844839519,0.544222267259279,0.680277834074099,0.8163334008889189,0.907037112098798,0.453518556049399,0.634925978469159,1.63266680177784,2.17688906903712
CENTRO_NORTE,2018-2019,0.436757920265597,0.436757920265597,0.436757920265597,0.436757920265597,0.436757920265597,0.436757920265597,0.436757920265597,0.436757920265597,0.436757920265597,0.436757920265597,0.436757920265597,0.436757920265597,0.436757920265597,0.436757920265597,0.436757920265597,0.611461088371836,0.611461088371836,1.22292217674367,1.31027376079679,3.49406336212478,4.28022761860285,4.45493078670909,7.77429098072763,11.2683543428524,14.5877145368709,19.3047000757394,22.6240602697579,25.594014127564,32.3200860996542,38.6094001514788,49.8777544943312,53.8959273607747,50.4018639986499,44.1999015308784,34.5912272850353,28.56396798537,20.2655675003237,19.2173484916863,17.9944263149426,12.403924935543,8.64780682125882,2.09643801727487,6.37666563587772,3.23200860996542,3.5814149461779,2.18378960132799,2.2711411853811,1.04821900863743,0.786164256478075,0.349406336212478,0.611461088371836,1.13557059269055
CENTRO_NORTE,2019-2020,1.31027376079679,2.18378960132799,1.92173484916863,2.2711411853811,0.873515840531194,2.35849276943422,2.09643801727487,3.40671177807166,3.84346969833725,7.33753306046203,7.33753306046203,9.60867424584313,6.55136880398396,11.705112263118,20.9643801727487,72.0650568438235,110.761808579355,129.455047566723,123.340436683005,154.874358526181,169.549424647105,166.754173957405,148.060934970037,129.10564123051,72.8512211003016,33.0188987720791,20.0908643322175,18.8679421554738,6.63872038803708,6.02725929966524,4.45493078670909,4.10552445049661,4.45493078670909,1.83438326511551,1.74703168106239,1.22292217674367,0.873515840531194,0.436757920265597,0.349406336212478,0.436757920265597,0.436757920265597,0.0,0.174703168106239,0.0873515840531194,0.0873515840531194,0.174703168106239,0.262054752159358,0.611461088371836,0.524109504318717,0.524109504318717,0.698812672424955,0.524109504318717
CENTRO_NORTE,2020-2021,0.960867424584314,1.48497692890303,1.39762534484991,0.960867424584314,1.04821900863743,2.18378960132799,1.57232851295615,2.62054752159358,2.53319593754046,1.83438326511551,0.960867424584314,3.84346969833725,3.23200860996542,5.15374345913405,5.852556131559,5.15374345913405,8.29840048504635,7.94899414883387,9.60867424584313,8.82250998936506,9.34661949368378,6.20196246777148,6.98812672424955,6.20196246777148,6.02725929966524,4.71698553886845,3.1446570259123,3.5814149461779,4.54228237076221,3.75611811428413,2.79525068969982,1.92173484916863,2.18378960132799,2.53319593754046,2.53319593754046,3.23200860996542,2.2711411853811,1.13557059269055,1.22292217674367,1.22292217674367,1.13557059269055,0.960867424584314,1.04821900863743,0.349406336212478,1.13557059269055,0.698812672424955,0.960867424584314,1.13557059269055,1.48497692890303,2.2711411853811,1.74703168106239,0.698812672424955
CENTRO_NORTE,2021-2022,2.00908643322175,2.00908643322175,2.44584435348734,1.74703168106239,1.22292217674367,2.18378960132799,1.92173484916863,2.62054752159358,1.48497692890303,1.39762534484991,1.57232851295615,1.31027376079679,2.44584435348734,5.153743459134042,7.861642564780745,0.0,0.0873515840531194,0.0,0.0873515840531194,0.0,0.0,0.174703168106239,0.174703168106239,0.436757920265597,0.0873515840531194,0.174703168106239,0.611461088371836,0.524109504318717,0.873515840531194,1.31027376079679,0.786164256478075,1.57232851295615,1.57232851295615,0.524109504318717,0.349406336212478,0.698812672424955,0.262054752159358,0.436757920265597,0.262054752159358,0.960867424584314,0.873515840531194,0.436757920265597,0.960867424584314,0.436757920265597,0.436757920265597,0.262054752159358,0.0,0.349406336212478,0.262054752159358,0.262054752159358,0.0873515840531194,0.436757920265597
CENTRO_NORTE,2022-2023,0.698812672424955,0.349406336212478,0.873515840531194,1.31027376079679,1.39762534484991,1.22292217674367,2.09643801727487,2.7078991056467,2.7078991056467,2.09643801727487,4.89168870697469,4.80433712292157,4.97904029102781,8.9972131574713,4.28022761860285,3.31936019401854,2.88260227375294,3.7561181142841398,4.45493078670909,7.424884644515149,5.153743459134049,7.599587812621389,12.928034439861678,10.482190086374358,13.27744077607413,13.190089192020995,12.928034439861637,7.51223622856827,8.47310365315258,4.28022761860285,4.28022761860285,4.5422823707622095,2.96995385780606,4.979040291027808,3.23200860996542,3.7561181142841393,3.75611811428413,1.92173484916863,1.13557059269055,1.57232851295615,1.57232851295615,1.65968009700927,1.48497692890303,0.873515840531194,4.36757920265597,4.54228237076221,5.59050137939964,4.36757920265597,5.4157982112934,6.90077514019643,6.90077514019643,8.29840048504635
CENTRO_SUR,2018-2019,0.353735534597764,0.353735534597764,0.353735534597764,0.353735534597764,0.353735534597764,0.353735534597764,0.353735534597764,0.353735534597764,0.353735534597764,0.353735534597764,0.353735534597764,0.353735534597764,0.353735534597764,0.353735534597764,0.353735534597764,0.353735534597764,0.530603301896647,0.176867767298882,0.530603301896647,0.884338836494411,0.972772720143852,1.85711155663826,2.65301650948323,3.18361981137988,4.77542971706982,5.39446690261591,5.39446690261591,3.18361981137988,6.36723962275976,5.39446690261591,6.54410739005864,5.83663632086311,6.36723962275976,4.9522974843687,4.42169418247205,3.09518592773044,2.03397932393715,2.12241320758659,2.47614874218435,1.41494213839106,0.972772720143852,0.353735534597764,0.176867767298882,0.0,0.0884338836494411,0.0884338836494411,0.0,0.0884338836494411,0.0,0.0,0.176867767298882,0.353735534597764
CENTRO_SUR,2019-2020,0.176867767298882,0.530603301896647,0.530603301896647,0.265301650948323,0.176867767298882,0.353735534597764,0.353735534597764,1.14964048744273,1.23807437109218,1.59180990568994,2.47614874218435,2.12241320758659,2.47614874218435,3.4489214623282,3.4489214623282,19.2785866355782,52.529726887768,74.991933334726,92.4134084136659,143.97036258129,177.309936717129,162.364610380374,163.337383100518,129.201904011833,81.3591729574858,48.9039376581409,38.3803055038574,31.3055948119021,12.5576114782206,10.7004999215824,12.3807437109218,8.04748341209914,5.92507020451255,3.006752044081,2.29928097488547,1.5033760220405,1.06120660379329,1.23807437109218,1.41494213839106,1.32650825474162,0.972772720143852,0.79590495284497,0.0884338836494411,0.176867767298882,0.176867767298882,0.0884338836494411,0.176867767298882,0.176867767298882,0.265301650948323,0.176867767298882,0.265301650948323,0.265301650948323
CENTRO_SUR,2020-2021,0.530603301896647,0.530603301896647,0.707471069195529,1.5033760220405,0.79590495284497,0.79590495284497,0.79590495284497,1.23807437109218,0.707471069195529,0.884338836494411,1.14964048744273,1.23807437109218,2.21084709123603,1.41494213839106,0.972772720143852,1.14964048744273,2.12241320758659,1.9455454402877,2.12241320758659,2.21084709123603,2.21084709123603,2.03397932393715,2.82988427678211,2.74145039313267,1.41494213839106,1.14964048744273,2.21084709123603,1.68024378933938,1.76867767298882,2.82988427678211,1.59180990568994,0.972772720143852,0.619037185546088,0.619037185546088,0.619037185546088,0.265301650948323,1.32650825474162,0.265301650948323,0.0,0.0884338836494411,0.0884338836494411,0.0884338836494411,0.530603301896647,0.176867767298882,0.265301650948323,0.0,0.0884338836494411,0.0,0.0884338836494411,0.442169418247205,0.0884338836494411,0.0884338836494411
CENTRO_SUR,2021-2022,0.0884338836494411,0.0,0.0884338836494411,0.442169418247205,0.442169418247205,1.06120660379329,0.707471069195529,0.265301650948323,0.353735534597764,0.619037185546088,1.76867767298882,0.530603301896647,0.972772720143852,1.8128946148135414,2.6530165094832308,0.0884338836494411,0.0,0.0,0.0,0.0,0.0,0.0884338836494411,0.0,0.0,0.0,0.0,0.0,0.0,0.0884338836494411,0.0884338836494411,0.0884338836494411,0.0884338836494411,0.0884338836494411,0.0884338836494411,0.0,0.0,0.0,0.0884338836494411,0.0,0.0,0.0,0.265301650948323,0.0,0.265301650948323,0.0884338836494411,0.0,0.0,0.0884338836494411,0.0,0.0,0.0,0.0
CENTRO_SUR,2022-2023,0.0,0.0884338836494411,0.265301650948323,0.265301650948323,0.176867767298882,0.265301650948323,0.353735534597764,0.79590495284497,0.619037185546088,1.76867767298882,2.03397932393715,2.38771485853491,3.89109088057541,3.18361981137988,0.884338836494411,1.06120660379329,1.68024378933938,3.006752044081,4.86386360071926,6.544107390058641,5.21759913531702,4.59856194977094,4.86386360071926,5.659768553564231,10.34676438698461,10.523632154283481,10.96580157253073,9.108690015892433,9.727727201438524,13.176648663766706,8.93182224859355,6.72097515735752,4.15639253152373,5.83663632086311,4.68699583342038,3.891090880575412,5.482900786265351,4.42169418247205,1.14964048744273,2.74145039313267,1.68024378933938,1.23807437109218,1.32650825474162,1.5033760220405,3.36048757867876,3.006752044081,2.29928097488547,2.12241320758659,1.23807437109218,2.29928097488547,2.47614874218435,5.12916525166758
CHACO,2018-2019,0.445072123393655,0.445072123393655,0.445072123393655,0.445072123393655,0.445072123393655,0.445072123393655,0.445072123393655,0.445072123393655,0.445072123393655,0.445072123393655,0.445072123393655,0.445072123393655,0.445072123393655,0.445072123393655,0.445072123393655,0.0,0.445072123393655,0.89014424678731,0.89014424678731,0.445072123393655,1.78028849357462,1.33521637018096,1.33521637018096,1.78028849357462,0.0,0.89014424678731,2.22536061696827,3.56057698714924,4.00564911054289,3.11550486375558,0.445072123393655,7.12115397429848,10.6817309614477,9.34651459126675,3.56057698714924,3.11550486375558,3.56057698714924,8.9014424678731,5.78593760411751,5.78593760411751,1.33521637018096,0.89014424678731,0.0,1.33521637018096,0.89014424678731,1.78028849357462,0.89014424678731,2.67043274036193,1.33521637018096,2.22536061696827,0.89014424678731,2.22536061696827
CHACO,2019-2020,6.67608185090482,1.78028849357462,2.67043274036193,0.89014424678731,4.00564911054289,5.34086548072386,4.45072123393655,5.34086548072386,5.78593760411751,4.8957933573302,5.34086548072386,15.1324521953843,27.1493995270129,28.0395437738003,44.5072123393655,124.620194550223,217.195196216104,298.643394797142,272.384139516917,284.846158971939,329.353371311305,324.012505830581,310.215270005377,163.786541408865,124.17512242683,60.529808781537,22.2536061696827,10.2366588380541,7.12115397429848,8.9014424678731,9.7915867146604,7.12115397429848,10.2366588380541,1.78028849357462,4.00564911054289,5.78593760411751,2.67043274036193,2.67043274036193,4.00564911054289,1.78028849357462,0.89014424678731,1.78028849357462,0.0,0.445072123393655,0.89014424678731,0.0,0.0,0.0,0.0,0.445072123393655,0.445072123393655,0.445072123393655
CHACO,2020-2021,1.78028849357462,1.33521637018096,2.22536061696827,3.11550486375558,6.23100972751117,2.67043274036193,3.56057698714924,6.23100972751117,8.01129822108579,11.1268030848414,10.6817309614477,12.4620194550223,14.6873800719906,21.8085340462891,15.1324521953843,20.0282455527145,27.1493995270129,23.5888225398637,33.3804092545241,38.721274735248,42.7269238457909,39.6114189820353,44.5072123393655,44.9522844627591,44.5072123393655,32.4902650077368,39.1663468586416,30.7099765141622,37.8311304884607,37.386058365067,28.9296880205876,17.3578128123525,20.4733176761081,16.0225964421716,14.242307948597,24.9240389100447,12.4620194550223,6.23100972751117,5.78593760411751,3.11550486375558,5.34086548072386,3.11550486375558,5.34086548072386,5.78593760411751,3.56057698714924,6.67608185090482,3.11550486375558,0.89014424678731,1.33521637018096,2.22536061696827,2.67043274036193,1.33521637018096
CHACO,2021-2022,1.78028849357462,4.45072123393655,3.56057698714924,2.22536061696827,4.8957933573302,2.22536061696827,4.45072123393655,4.45072123393655,4.00564911054289,2.22536061696827,1.78028849357462,2.67043274036193,3.11550486375558,10.459194899750866,17.802884935746153,1.78028849357462,0.445072123393655,0.445072123393655,0.0,0.0,0.0,0.89014424678731,1.33521637018096,0.89014424678731,0.0,0.0,0.0,0.0,0.0,0.0,0.0,0.445072123393655,0.0,1.33521637018096,0.0,0.445072123393655,0.445072123393655,0.0,0.89014424678731,3.56057698714924,0.89014424678731,0.0,2.22536061696827,1.78028849357462,0.445072123393655,0.445072123393655,2.22536061696827,0.89014424678731,1.78028849357462,0.445072123393655,0.89014424678731,3.56057698714924
CHACO,2022-2023,0.89014424678731,2.67043274036193,3.11550486375558,6.67608185090482,4.45072123393655,20.9183897995018,16.9127406889589,33.8254813779178,45.8424287095464,25.814183156832,48.957933573302,44.9522844627591,29.3747601439812,29.374760143981298,14.6873800719906,17.8028849357462,18.2479570591398,14.6873800719906,26.7043274036193,27.5944716504066,23.14375041647,19.1381013059272,37.8311304884607,66.76081850904826,56.07908754760052,58.749520287962454,81.00312645764521,57.41430391778146,103.70180475072193,106.81730961447666,77.44254947049592,98.80601139339136,45.3973565861528,55.63401542420686,60.084736658143406,69.8763233728038,85.00877556818806,50.293149943483,15.5775243187779,26.2592552802256,39.1663468586416,31.6001207609495,14.242307948597,11.571875208235,10.6817309614477,16.4676685655652,12.907091578416,6.23100972751117,7.12115397429848,8.9014424678731,9.7915867146604,15.5775243187779
GUAIRA,2018-2019,0.425676338029047,0.425676338029047,0.425676338029047,0.425676338029047,0.425676338029047,0.425676338029047,0.425676338029047,0.425676338029047,0.425676338029047,0.425676338029047,0.425676338029047,0.425676338029047,0.425676338029047,0.425676338029047,0.425676338029047,0.425676338029047,0.425676338029047,0.0,0.851352676058094,1.70270535211619,2.12838169014523,4.68243971831952,2.97973436620333,9.36487943663903,11.0675847887552,11.9189374648133,8.08785042255189,10.2162321126971,15.7500245070747,16.6013771831328,22.9865222535685,16.6013771831328,22.9865222535685,19.5811115493362,20.8581405634233,8.93920309860999,6.3851450704357,4.68243971831952,3.83108704226142,2.12838169014523,1.27702901408714,0.425676338029047,1.27702901408714,0.0,0.425676338029047,0.0,0.0,0.0,0.0,0.0,0.425676338029047,0.0
GUAIRA,2019-2020,0.0,0.425676338029047,0.425676338029047,1.27702901408714,0.425676338029047,0.851352676058094,2.55405802817428,8.08785042255189,11.9189374648133,13.6216428169295,22.5608459155395,11.9189374648133,8.08785042255189,20.4324642253943,16.6013771831328,47.6757498592533,124.297490704482,183.892178028548,173.250269577822,181.338120000374,185.594883380664,204.324642253943,220.500343099046,147.28401295805,82.5812095776351,39.5878994367014,20.8581405634233,11.4932611267843,3.40541070423238,5.10811605634856,3.40541070423238,0.851352676058094,2.97973436620333,0.425676338029047,0.425676338029047,0.851352676058094,0.851352676058094,1.27702901408714,0.425676338029047,0.851352676058094,0.425676338029047,0.0,0.0,0.425676338029047,0.0,0.0,0.0,0.0,0.0,0.0,0.851352676058094,1.27702901408714
GUAIRA,2020-2021,2.55405802817428,3.83108704226142,2.12838169014523,1.70270535211619,2.97973436620333,0.425676338029047,2.55405802817428,2.12838169014523,2.55405802817428,1.27702901408714,0.851352676058094,0.851352676058094,2.12838169014523,0.425676338029047,0.851352676058094,0.851352676058094,2.12838169014523,1.70270535211619,2.55405802817428,2.12838169014523,2.97973436620333,4.68243971831952,5.10811605634856,4.68243971831952,4.68243971831952,7.66217408452284,7.66217408452284,3.83108704226142,5.95946873240666,8.51352676058094,12.3446138028424,7.66217408452284,3.40541070423238,4.68243971831952,4.68243971831952,3.83108704226142,3.40541070423238,1.27702901408714,1.70270535211619,1.70270535211619,1.70270535211619,0.851352676058094,0.851352676058094,0.0,1.70270535211619,0.425676338029047,0.851352676058094,0.425676338029047,0.425676338029047,0.425676338029047,1.27702901408714,0.851352676058094
GUAIRA,2021-2022,2.12838169014523,1.27702901408714,0.425676338029047,1.27702901408714,3.40541070423238,3.40541070423238,3.40541070423238,0.851352676058094,1.70270535211619,8.08785042255189,5.10811605634856,2.97973436620333,1.70270535211619,2.5540580281742837,3.405410704232377,0.0,0.425676338029047,0.0,0.851352676058094,0.0,0.0,0.0,0.0,0.851352676058094,0.0,0.0,0.0,0.0,0.851352676058094,0.0,0.0,0.425676338029047,0.425676338029047,0.0,0.0,0.0,0.0,0.0,0.0,0.0,0.0,0.0,0.0,0.0,0.0,0.851352676058094,0.0,1.27702901408714,0.851352676058094,1.27702901408714,0.425676338029047,0.851352676058094
GUAIRA,2022-2023,0.0,0.0,1.27702901408714,2.12838169014523,1.27702901408714,0.851352676058094,3.83108704226142,2.55405802817428,1.70270535211619,3.40541070423238,2.12838169014523,12.7702901408714,7.66217408452284,8.93920309860999,0.0,1.70270535211619,2.12838169014523,4.25676338029047,0.425676338029047,2.97973436620333,1.70270535211619,1.27702901408714,2.12838169014523,4.68243971831952,9.36487943663903,5.10811605634856,28.52031464794619,20.0067878873652,24.263551267655696,10.216232112697124,8.08785042255189,5.108116056348567,6.81082140846475,5.533792394377614,5.53379239437761,4.682439718319514,3.40541070423238,2.55405802817428,2.55405802817428,2.12838169014523,3.83108704226142,3.405410704232377,2.55405802817428,1.70270535211619,1.70270535211619,2.97973436620333,1.277029014087141,2.55405802817428,2.12838169014523,1.70270535211619,5.95946873240666,7.2364977464938
ITAPUA,2018-2019,0.15558080603936,0.15558080603936,0.15558080603936,0.15558080603936,0.15558080603936,0.15558080603936,0.15558080603936,0.15558080603936,0.15558080603936,0.15558080603936,0.15558080603936,0.15558080603936,0.15558080603936,0.15558080603936,0.15558080603936,0.15558080603936,0.93348483623616,0.31116161207872,0.46674241811808,1.24464644831488,1.71138886643296,2.95603531474784,4.20068176306272,4.35626256910208,5.91207062949568,9.02368675028288,7.779040301968,4.82300498722016,10.2683331985978,7.31229788384992,8.24578272008608,7.15671707781056,8.71252513820416,5.75648982345632,4.97858579325952,3.57835853890528,2.64487370266912,1.5558080603936,3.26719692682656,1.5558080603936,0.93348483623616,0.62232322415744,0.15558080603936,0.0,0.0,0.0,0.0,0.15558080603936,0.0,0.0,0.15558080603936,0.31116161207872
ITAPUA,2019-2020,0.15558080603936,0.93348483623616,0.46674241811808,0.31116161207872,0.31116161207872,0.62232322415744,0.15558080603936,2.02255047851168,1.5558080603936,1.71138886643296,2.3337120905904,2.02255047851168,2.17813128455104,1.08906564227552,1.71138886643296,6.06765143553504,16.1804038280934,19.6031815609594,27.3822218629274,25.8264138025338,40.7621711823123,72.5006556143418,97.8603269987575,77.4792414076013,67.5220698210823,53.0530548594218,41.6956560185485,37.4949742554858,17.8917926945264,14.7801765737392,19.7587623669987,10.4239140046371,8.24578272008608,3.26719692682656,2.95603531474784,2.17813128455104,1.71138886643296,1.40022725435424,1.71138886643296,1.86696967247232,1.40022725435424,0.7779040301968,0.0,0.0,0.15558080603936,0.15558080603936,0.0,0.15558080603936,0.31116161207872,0.0,0.31116161207872,0.31116161207872
ITAPUA,2020-2021,0.62232322415744,0.7779040301968,0.93348483623616,2.02255047851168,0.7779040301968,0.46674241811808,0.31116161207872,1.5558080603936,1.24464644831488,1.08906564227552,0.93348483623616,0.7779040301968,2.02255047851168,0.7779040301968,0.0,0.31116161207872,0.0,0.31116161207872,0.62232322415744,0.0,0.62232322415744,0.46674241811808,0.62232322415744,0.31116161207872,0.46674241811808,0.15558080603936,0.7779040301968,0.46674241811808,0.62232322415744,0.7779040301968,0.31116161207872,0.46674241811808,0.46674241811808,0.7779040301968,0.31116161207872,0.0,1.40022725435424,0.31116161207872,0.0,0.0,0.15558080603936,0.0,0.7779040301968,0.15558080603936,0.0,0.0,0.0,0.0,0.0,0.46674241811808,0.0,0.0
ITAPUA,2021-2022,0.0,0.0,0.0,0.15558080603936,0.0,0.0,0.15558080603936,0.0,0.0,0.0,0.0,0.0,0.46674241811808,0.70011362717712,0.93348483623616,0.0,0.0,0.0,0.0,0.0,0.0,0.0,0.0,0.0,0.0,0.0,0.0,0.0,0.15558080603936,0.0,0.0,0.15558080603936,0.15558080603936,0.15558080603936,0.0,0.0,0.0,0.0,0.0,0.0,0.0,0.0,0.0,0.0,0.0,0.0,0.0,0.0,0.0,0.0,0.0,0.0
ITAPUA,2022-2023,0.0,0.15558080603936,0.0,0.15558080603936,0.0,0.15558080603936,0.15558080603936,0.0,0.31116161207872,0.0,0.31116161207872,0.15558080603936,1.08906564227552,0.93348483623616,0.0,0.15558080603936,0.31116161207872,0.62232322415744,1.24464644831488,4.51184337514144,2.95603531474784,2.64487370266912,2.95603531474784,3.73393934494464,6.37881304761376,7.15671707781056,9.80159078047968,7.93462110800736,7.15671707781056,9.3348483623616,7.779040301968,8.24578272008608,5.13416659929888,4.6674241811808,3.1116161207872,3.26719692682656,4.20068176306272,4.51184337514144,0.7779040301968,3.1116161207872,1.24464644831488,0.93348483623616,1.24464644831488,2.48929289662976,2.64487370266912,2.95603531474784,2.17813128455104,2.95603531474784,1.5558080603936,3.1116161207872,2.64487370266912,4.35626256910208
MISIONES,2018-2019,1.50110123293714,1.50110123293714,1.50110123293714,1.50110123293714,1.50110123293714,1.50110123293714,1.50110123293714,1.50110123293714,1.50110123293714,1.50110123293714,1.50110123293714,1.50110123293714,1.50110123293714,1.50110123293714,1.50110123293714,1.50110123293714,0.0,0.0,0.750550616468572,1.50110123293714,0.0,0.0,0.750550616468572,0.750550616468572,3.75275308234286,0.0,3.00220246587429,1.50110123293714,0.750550616468572,1.50110123293714,3.00220246587429,2.25165184940572,2.25165184940572,1.50110123293714,1.50110123293714,0.0,0.0,0.0,0.0,0.0,0.0,0.0,0.0,0.0,0.0,0.0,0.0,0.0,0.0,0.0,0.0,0.750550616468572
MISIONES,2019-2020,0.0,0.0,0.0,0.0,0.0,0.0,0.0,0.0,0.0,0.750550616468572,3.00220246587429,2.25165184940572,2.25165184940572,6.00440493174858,8.25605678115429,32.2736765081486,75.8056122633258,109.580390004412,123.840851717314,177.129945486583,274.701525627497,159.116730691337,128.344155416126,105.0770863056,87.8144221268229,50.2868913033943,42.7813851387086,18.7637654117143,6.75495554821715,4.50330369881143,1.50110123293714,1.50110123293714,0.750550616468572,0.750550616468572,0.0,0.750550616468572,0.0,0.0,0.0,0.0,0.0,0.0,0.0,0.0,0.750550616468572,0.0,0.0,0.0,0.0,0.0,0.0,0.0
MISIONES,2020-2021,0.0,0.750550616468572,0.0,0.0,0.0,1.50110123293714,0.0,0.0,0.0,0.0,0.0,3.00220246587429,2.25165184940572,6.75495554821715,6.00440493174858,4.50330369881143,6.75495554821715,8.25605678115429,7.50550616468572,11.2582592470286,12.0088098634972,4.50330369881143,7.50550616468572,12.0088098634972,3.75275308234286,4.50330369881143,10.50770863056,12.0088098634972,9.75715801409144,15.76156294584,11.2582592470286,5.25385431528,1.50110123293714,0.750550616468572,0.750550616468572,0.750550616468572,0.0,0.0,0.0,0.0,0.0,0.750550616468572,0.0,0.0,0.750550616468572,0.0,0.0,0.0,0.0,0.0,0.0,0.750550616468572
MISIONES,2021-2022,0.0,0.0,0.0,1.50110123293714,0.750550616468572,3.00220246587429,3.75275308234286,2.25165184940572,2.25165184940572,0.750550616468572,7.50550616468572,3.75275308234286,3.75275308234286,5.629129623514291,7.5055061646857215,0.750550616468572,0.0,0.0,0.0,0.0,0.0,0.750550616468572,0.0,0.0,0.0,0.0,0.0,0.0,0.0,0.750550616468572,0.0,0.0,0.0,0.0,0.0,0.0,0.0,0.750550616468572,0.0,0.0,0.0,1.50110123293714,0.0,2.25165184940572,0.0,0.0,0.0,0.0,0.0,0.0,0.0,0.0
MISIONES,2022-2023,0.0,0.0,1.50110123293714,0.750550616468572,1.50110123293714,1.50110123293714,0.750550616468572,4.50330369881143,0.750550616468572,1.50110123293714,6.00440493174858,2.25165184940572,6.75495554821715,6.75495554821715,5.25385431528,6.75495554821715,7.50550616468572,10.50770863056,26.2692715764,23.2670691105257,23.2670691105257,24.0176197269943,24.7681703434629,25.51872095993147,39.77918267283428,41.28028390577144,37.52753082342858,32.27367650814859,37.52753082342864,51.78799253633144,25.5187209599314,12.0088098634972,7.50550616468572,19.5143160281829,12.0088098634972,11.2582592470286,13.5099110964343,12.0088098634972,2.25165184940572,3.75275308234286,6.75495554821715,1.50110123293714,2.25165184940572,0.0,7.50550616468572,5.25385431528,5.25385431528,0.0,2.25165184940572,3.00220246587429,2.25165184940572,8.25605678115429
METROPOLITANO,2018-2019,3.64970605597467,3.64970605597467,3.64970605597467,3.64970605597467,3.64970605597467,3.64970605597467,3.64970605597467,3.64970605597467,3.64970605597467,3.64970605597467,3.64970605597467,3.64970605597467,3.64970605597467,3.64970605597467,3.64970605597467,6.35189227049438,7.50997207671711,6.1764256331879,6.70282554510733,6.00095899588143,5.08853248188776,5.79039903111366,5.29909244665553,5.15871913681035,5.36927910157812,6.07114565080402,5.96586566842013,5.93077234095884,8.84351852024632,9.26463844978186,14.5988242238987,18.0379703151056,20.3190366000897,20.9507164943931,19.0907701389444,16.1429306321957,15.827090685044,15.0550374808955,13.8969576746728,11.0193048228466,6.66773221764603,4.17610596789409,4.35157260520057,3.36895943628431,3.22858612643913,3.40405276374561,2.38634626736805,3.71989271089726,2.737279541981,3.89535934820373,3.4742394186682,3.4391460912069
METROPOLITANO,2019-2020,4.70250587981352,6.56245223526215,6.24661228811049,5.75530570365236,7.5801587316397,8.56277190055596,10.0717849813916,13.9320510021341,16.7044238715764,19.6171700508639,28.4957818985715,36.9532738167435,44.6036192033058,47.5865520375159,88.5404651848471,263.831635854015,495.552877080945,621.748482631762,750.15496781264,939.027256209329,804.935651979721,592.199900909352,475.268933808317,301.170936272833,143.566802644157,27.0218621451971,10.949118167924,5.93077234095884,3.12330614405525,2.80746619690359,3.54442607359079,2.10559964767769,1.85994635544863,1.33354644352921,1.19317313368403,0.772053204148488,0.631679894303308,1.33354644352921,1.15807980622273,0.772053204148488,0.772053204148488,0.772053204148488,0.280746619690359,0.315839947151654,0.386026602074244,0.561493239380718,0.386026602074244,0.350933274612949,0.526399911919424,0.982613168916257,0.280746619690359,0.456213256996834
METROPOLITANO,2020-2021,0.877333186532373,1.01770649637755,1.33354644352921,1.50901308083568,2.28106628498417,2.59690623213582,2.84255952436489,3.64970605597467,3.93045267566503,4.63231922489093,4.49194591504575,4.63231922489093,4.98325249950388,5.29909244665553,7.96618533371394,8.87861184770761,9.96650499900775,8.49258524563337,10.3174382736207,11.1596781326918,13.2301844529082,10.1419716363142,10.8438381855401,9.26463844978186,9.44010508708833,7.75562536894617,6.8782921824138,7.86090535133006,6.2115189606492,5.93077234095884,4.98325249950388,3.96554600312632,4.03573265804891,4.31647927773927,5.36927910157812,3.4742394186682,2.63199955959712,2.49162624975194,1.89503968290992,1.3686397709905,2.42143959482935,1.96522633783251,1.43882642591309,1.15807980622273,1.29845311606791,0.947519841454962,2.0705063202164,1.75466637306475,2.49162624975194,3.22858612643913,2.42143959482935,2.7723728694423
METROPOLITANO,2021-2022,2.91274617928748,2.84255952436489,3.68479938343597,3.40405276374561,3.57951940105208,4.24629262281668,4.8077858621974,5.08853248188776,5.47455908396201,4.87797251711999,4.8077858621974,2.59690623213582,4.00063933058762,6.281705615571788,8.562771900555957,0.842239859071078,0.526399911919424,0.0701866549225898,0.315839947151654,0.315839947151654,0.14037330984518,0.210559964767769,0.421119929535539,0.280746619690359,0.491306584458129,0.631679894303308,0.315839947151654,0.491306584458129,0.350933274612949,0.666773221764603,0.982613168916257,0.631679894303308,1.01770649637755,0.596586566842013,0.596586566842013,0.210559964767769,0.315839947151654,0.315839947151654,0.596586566842013,0.350933274612949,0.526399911919424,0.350933274612949,0.210559964767769,0.315839947151654,0.456213256996834,0.386026602074244,0.386026602074244,0.280746619690359,0.280746619690359,0.526399911919424,0.386026602074244,0.421119929535539
METROPOLITANO,2022-2023,0.631679894303308,0.701866549225898,1.15807980622273,1.47391975337439,2.10559964767769,2.49162624975194,3.82517269328114,4.91306584458129,5.68511904872977,7.29941211194934,11.3702380974595,18.0730636425669,22.6702895399965,27.65354203950043,6.63263889018474,8.9487985026302,10.808744858078795,14.4584509140535,14.17770429436319,10.14197163631419,8.527678573094665,8.141651971020416,9.018985157552791,6.281705615571785,8.352211935788185,9.089171812475385,8.387305263249486,6.0360523233427195,9.29973177724315,8.527678573094665,7.509972076717105,8.246931953404305,6.386985597955675,5.720212376191065,8.457491918172074,9.36991843216574,8.52767857309466,5.57983906634589,2.63199955959712,3.719892710897265,5.12362580934906,3.71989271089726,2.2108796300615747,1.93013301037122,3.57951940105208,4.07082598551021,3.12330614405525,4.07082598551021,3.33386610882302,3.86026602074244,4.8077858621974,6.63263889018474
NEEMBUCU,2018-2019,1.09026769712622,1.09026769712622,1.09026769712622,1.09026769712622,1.09026769712622,1.09026769712622,1.09026769712622,1.09026769712622,1.09026769712622,1.09026769712622,1.09026769712622,1.09026769712622,1.09026769712622,1.09026769712622,1.09026769712622,1.09026769712622,1.09026769712622,1.09026769712622,1.09026769712622,1.09026769712622,1.09026769712622,1.09026769712622,1.09026769712622,1.09026769712622,1.09026769712622,0.0,0.0,0.0,1.09026769712622,2.18053539425243,1.09026769712622,1.09026769712622,5.45133848563108,0.0,2.18053539425243,2.18053539425243,0.0,5.45133848563108,1.09026769712622,1.09026769712622,1.09026769712622,0.0,0.0,0.0,0.0,1.09026769712622,0.0,0.0,0.0,0.0,1.09026769712622,1.09026769712622
NEEMBUCU,2019-2020,1.09026769712622,0.0,3.27080309137865,1.09026769712622,0.0,0.0,1.09026769712622,0.0,2.18053539425243,3.27080309137865,1.09026769712622,1.09026769712622,3.27080309137865,3.27080309137865,5.45133848563108,26.1664247310292,54.5133848563108,74.1382034045826,70.867400313204,146.095871414913,236.588090276389,276.927995070059,296.552813618331,297.643081315457,172.262296145942,111.207305106874,102.485163529864,90.4922188614758,16.3540154568932,21.8053539425243,10.9026769712622,23.9858893367767,11.9929446683884,11.9929446683884,6.54160618275729,2.18053539425243,1.09026769712622,4.36107078850486,5.45133848563108,3.27080309137865,2.18053539425243,4.36107078850486,1.09026769712622,2.18053539425243,0.0,0.0,2.18053539425243,1.09026769712622,1.09026769712622,2.18053539425243,1.09026769712622,0.0
NEEMBUCU,2020-2021,1.09026769712622,0.0,1.09026769712622,4.36107078850486,4.36107078850486,4.36107078850486,6.54160618275729,3.27080309137865,0.0,2.18053539425243,3.27080309137865,5.45133848563108,5.45133848563108,1.09026769712622,3.27080309137865,3.27080309137865,14.1734800626408,8.72214157700972,9.81240927413594,7.63187387988351,5.45133848563108,15.263747759767,17.4442831540194,11.9929446683884,6.54160618275729,2.18053539425243,4.36107078850486,0.0,0.0,4.36107078850486,1.09026769712622,1.09026769712622,0.0,1.09026769712622,3.27080309137865,1.09026769712622,5.45133848563108,1.09026769712622,0.0,1.09026769712622,0.0,0.0,1.09026769712622,1.09026769712622,2.18053539425243,0.0,1.09026769712622,0.0,1.09026769712622,2.18053539425243,1.09026769712622,0.0
NEEMBUCU,2021-2022,1.09026769712622,0.0,1.09026769712622,2.18053539425243,3.27080309137865,8.72214157700972,1.09026769712622,0.0,0.0,5.45133848563108,6.54160618275729,0.0,1.09026769712622,3.8159369399417553,6.54160618275729,0.0,0.0,0.0,0.0,0.0,0.0,0.0,0.0,0.0,0.0,0.0,0.0,0.0,0.0,0.0,1.09026769712622,0.0,0.0,0.0,0.0,0.0,0.0,0.0,0.0,0.0,0.0,1.09026769712622,0.0,0.0,1.09026769712622,0.0,0.0,1.09026769712622,0.0,0.0,0.0,0.0
NEEMBUCU,2022-2023,0.0,0.0,1.09026769712622,1.09026769712622,0.0,0.0,2.18053539425243,2.18053539425243,3.27080309137865,16.3540154568932,9.81240927413594,15.263747759767,20.7150862453981,14.1734800626408,1.09026769712622,1.09026769712622,2.18053539425243,1.09026769712622,3.27080309137865,5.45133848563108,0.0,0.0,2.18053539425243,2.18053539425243,2.18053539425243,3.27080309137865,1.09026769712622,3.27080309137865,9.81240927413594,11.99294466838837,8.72214157700972,2.18053539425243,1.09026769712622,5.45133848563108,6.54160618275729,2.18053539425244,2.18053539425243,1.09026769712622,1.09026769712622,0.0,0.0,2.18053539425243,1.09026769712622,0.0,2.18053539425243,1.09026769712622,1.09026769712622,0.0,1.09026769712622,0.0,4.36107078850486,10.9026769712622
PARAGUARI,2018-2019,0.380113423760535,0.380113423760535,0.380113423760535,0.380113423760535,0.380113423760535,0.380113423760535,0.380113423760535,0.380113423760535,0.380113423760535,0.380113423760535,0.380113423760535,0.380113423760535,0.380113423760535,0.380113423760535,0.380113423760535,0.380113423760535,0.0,0.0,0.760226847521071,0.0,0.0,0.760226847521071,0.760226847521071,2.66079396632375,3.80113423760535,1.14034027128161,2.66079396632375,1.14034027128161,1.52045369504214,3.80113423760535,6.08181478016857,6.08181478016857,3.04090739008428,6.4619282039291,5.3215879326475,3.80113423760535,2.28068054256321,3.42102081384482,2.28068054256321,1.90056711880268,1.52045369504214,0.0,0.380113423760535,0.0,0.380113423760535,0.0,0.0,0.0,0.0,0.0,0.0,0.0
PARAGUARI,2019-2020,0.0,0.0,0.0,0.0,0.0,0.0,0.760226847521071,0.0,0.760226847521071,1.14034027128161,3.04090739008428,2.66079396632375,3.04090739008428,7.98238189897124,4.56136108512643,42.57270346118,128.858450654822,193.097619270352,242.892477782982,415.083858746505,440.931571562221,343.622535079524,294.587903414415,209.062383068295,80.203932413473,16.344877221703,5.70170135640803,1.90056711880268,1.14034027128161,0.0,0.380113423760535,0.0,0.760226847521071,0.380113423760535,0.380113423760535,0.0,0.0,0.380113423760535,0.0,0.0,0.0,0.0,0.0,0.0,0.0,0.0,0.0,0.0,0.0,0.0,0.0,0.380113423760535
PARAGUARI,2020-2021,0.380113423760535,0.0,0.380113423760535,0.0,0.0,0.0,0.380113423760535,0.380113423760535,0.0,0.380113423760535,1.52045369504214,0.0,1.52045369504214,0.380113423760535,0.0,0.760226847521071,0.760226847521071,0.380113423760535,0.380113423760535,1.14034027128161,0.0,0.0,0.760226847521071,0.760226847521071,0.760226847521071,1.52045369504214,0.760226847521071,0.0,1.14034027128161,0.760226847521071,0.0,0.0,0.760226847521071,0.0,0.380113423760535,0.380113423760535,0.380113423760535,0.0,0.0,0.0,0.0,0.0,0.0,0.0,0.0,0.0,0.0,0.0,0.0,0.0,0.0,0.0
PARAGUARI,2021-2022,0.0,0.0,0.0,0.0,0.380113423760535,0.0,0.380113423760535,0.0,0.380113423760535,0.380113423760535,1.52045369504214,0.380113423760535,0.760226847521071,1.9005671188026754,3.04090739008428,0.0,0.0,0.0,0.0,0.0,0.0,0.0,0.0,0.0,0.0,0.0,0.0,0.0,0.0,0.0,0.0,0.0,0.0,0.0,0.0,0.0,0.0,0.0,0.0,0.0,0.0,0.0,0.0,0.0,0.0,0.0,0.0,0.0,0.0,0.0,0.0,0.0
PARAGUARI,2022-2023,0.0,0.0,0.0,0.0,0.0,0.0,0.0,0.380113423760535,0.380113423760535,1.14034027128161,1.52045369504214,3.42102081384482,3.42102081384482,3.04090739008429,0.760226847521071,0.380113423760535,1.90056711880268,5.70170135640803,3.42102081384482,3.4210208138448146,3.42102081384482,1.14034027128161,0.380113423760535,1.52045369504214,7.98238189897124,5.70170135640803,3.80113423760535,2.28068054256321,1.90056711880268,3.42102081384482,3.42102081384482,1.90056711880268,1.14034027128161,1.90056711880268,4.18124766136589,2.28068054256321,5.70170135640803,1.52045369504214,1.52045369504214,2.28068054256321,0.760226847521071,1.52045369504214,1.14034027128161,0.380113423760535,3.42102081384482,2.66079396632375,1.52045369504214,1.90056711880268,0.0,0.760226847521071,1.52045369504214,3.42102081384482
PTE_HAYES,2018-2019,0.741402289817147,0.741402289817147,0.741402289817147,0.741402289817147,0.741402289817147,0.741402289817147,0.741402289817147,0.741402289817147,0.741402289817147,0.741402289817147,0.741402289817147,0.741402289817147,0.741402289817147,0.741402289817147,0.741402289817147,0.0,0.0,1.48280457963429,0.741402289817147,0.0,2.96560915926859,1.48280457963429,2.22420686945144,2.22420686945144,0.0,0.741402289817147,2.22420686945144,1.48280457963429,2.22420686945144,3.70701144908573,0.0,9.63822976762291,16.3108503759772,11.1210343472572,4.44841373890288,0.0,4.44841373890288,11.1210343472572,7.41402289817147,5.18981602872003,0.741402289817147,0.741402289817147,0.0,0.0,0.741402289817147,0.0,0.741402289817147,0.741402289817147,0.741402289817147,0.741402289817147,0.741402289817147,1.48280457963429
PTE_HAYES,2019-2020,6.67262060835432,1.48280457963429,0.741402289817147,0.741402289817147,1.48280457963429,0.741402289817147,4.44841373890288,5.93121831853718,5.18981602872003,3.70701144908573,2.22420686945144,4.44841373890288,8.15542518798862,8.15542518798862,14.8280457963429,50.415355707566,157.177285441235,220.196480075693,252.818180827647,252.07677853783,286.181283869419,339.562248736253,374.408156357659,160.142894600504,127.521193848549,60.0535854751889,20.017861825063,9.63822976762291,3.70701144908573,5.93121831853718,8.89682747780576,7.41402289817147,3.70701144908573,0.0,0.0,0.741402289817147,1.48280457963429,0.741402289817147,1.48280457963429,1.48280457963429,0.0,1.48280457963429,0.0,0.741402289817147,0.741402289817147,0.0,0.0,0.0,0.0,0.0,0.741402289817147,0.741402289817147
PTE_HAYES,2020-2021,0.741402289817147,2.22420686945144,2.22420686945144,2.22420686945144,4.44841373890288,1.48280457963429,2.22420686945144,1.48280457963429,3.70701144908573,11.1210343472572,11.1210343472572,17.7936549556115,12.6038389268915,12.6038389268915,12.6038389268915,17.0522526657944,17.7936549556115,14.8280457963429,15.5694480861601,16.3108503759772,27.4318847232344,28.1732870130516,38.5529190704916,40.0357236501259,52.6395625770174,32.6217007519545,31.1388961723202,28.1732870130516,51.1567579973831,45.9669419686631,31.1388961723202,18.5350572454287,26.6904824334173,22.2420686945144,19.2764595352458,37.0701144908573,20.017861825063,7.41402289817147,8.15542518798862,2.22420686945144,7.41402289817147,4.44841373890288,5.18981602872003,9.63822976762291,3.70701144908573,9.63822976762291,5.18981602872003,1.48280457963429,0.0,1.48280457963429,1.48280457963429,2.22420686945144
PTE_HAYES,2021-2022,1.48280457963429,2.22420686945144,2.96560915926859,3.70701144908573,3.70701144908573,0.0,5.18981602872003,4.44841373890288,2.96560915926859,2.96560915926859,2.96560915926859,3.70701144908573,5.18981602872003,8.526126332897189,11.862436637074348,2.96560915926859,0.741402289817147,0.741402289817147,0.0,0.0,0.0,1.48280457963429,2.22420686945144,1.48280457963429,0.0,0.0,0.0,0.0,0.0,0.0,0.0,0.0,0.0,0.0,0.0,0.0,0.741402289817147,0.0,1.48280457963429,5.93121831853718,1.48280457963429,0.0,2.22420686945144,2.96560915926859,0.741402289817147,0.741402289817147,3.70701144908573,0.741402289817147,0.741402289817147,0.741402289817147,0.741402289817147,1.48280457963429
PTE_HAYES,2022-2023,0.741402289817147,3.70701144908573,0.741402289817147,1.48280457963429,3.70701144908573,6.67262060835432,2.96560915926859,2.96560915926859,5.93121831853718,5.18981602872003,11.8624366370744,23.7248732741487,30.397493882503,30.397493882503,2.22420686945144,2.22420686945144,2.22420686945144,9.63822976762291,8.89682747780576,6.67262060835432,5.93121831853718,2.96560915926859,7.41402289817147,9.63822976762291,17.79365495561149,14.8280457963429,14.0866435065258,12.6038389268915,35.5873099112231,10.379632057440057,16.3108503759772,27.43188472323444,27.4318847232344,19.2764595352458,37.07011449085734,40.0357236501259,49.67395341774885,36.3287122010402,10.3796320574401,31.1388961723202,41.5185282297602,35.5873099112231,15.5694480861601,14.0866435065258,14.0866435065258,17.7936549556115,18.5350572454287,10.3796320574401,6.67262060835432,12.6038389268915,13.3452412167086,17.7936549556115
PARAGUAY,2018-2019,1.62810487091992,1.62810487091992,1.62810487091992,1.62810487091992,1.62810487091992,1.62810487091992,1.62810487091992,1.62810487091992,1.62810487091992,1.62810487091992,1.62810487091992,1.62810487091992,1.62810487091992,1.62810487091992,1.62810487091992,2.92529411766913,3.77243811554616,3.87833111528079,4.60634548845636,5.14904711209634,5.81087836043777,6.8433351078504,8.98766835247664,11.3173143466385,13.3954644664306,14.6926537131798,14.2955549641749,16.1089725846304,19.0210300773327,17.9488634550196,22.4360793187745,23.2567500667179,24.8054351878368,22.0389805697697,17.8164972053513,13.7793265904686,11.9791455949799,11.4232073463731,10.5628267235292,7.47869310625817,4.79165823799196,2.43553899389647,2.89882086773547,1.98549374502429,1.91931062019015,1.73399787065455,1.41631887145066,1.80018099548869,1.35013574661652,1.81341762045552,1.66781474582041,1.73399787065455
PARAGUAY,2019-2020,2.42230236892964,3.26944636680667,3.33562949164081,3.16355336707204,3.79891136547982,4.77842161302513,5.29464998673145,7.17425073202112,8.44496672883666,10.0863082247234,14.3485014640422,17.5252914560811,20.1461431995132,22.7802315679121,41.1129571469697,125.297891936,235.836947033986,296.103300507956,344.006646262909,430.838906045305,388.521416026354,307.804476978633,263.316180465122,178.588544052452,93.3446792660755,29.5970934258288,17.7370774555504,12.8792360927243,5.58585573600168,5.06962736229536,4.93726111262708,3.49446899124276,3.32239286667399,1.77370774555504,1.64134149588675,1.1118764972136,0.833907372910203,1.07216662231312,1.0192201224458,0.847143997877032,0.648594623374603,0.555938248606802,0.277969124303401,0.317678999203887,0.304442374237058,0.38386212403803,0.29120574927023,0.38386212403803,0.370625499071202,0.516228373706316,0.436808623905345,0.38386212403803
PARAGUAY,2020-2021,0.780960873042889,1.05892999734629,1.09863987224678,1.28395262178238,1.57515837105261,1.81341762045552,1.86636412032284,2.5414319936311,2.66056161833255,2.70027149323304,2.79292786800084,3.24297311687301,3.57388874104373,4.05040723984956,5.30788661169828,5.75793186057045,7.20072398195477,6.35357998407774,7.84931860532938,8.55085972857129,9.26563747678004,7.34632685658989,8.90824860267566,7.98168485499766,7.7698988555284,6.64478573334797,6.23445035937628,6.22121373440945,5.87706148527191,6.69773223321528,5.20199361196365,3.64007186587787,3.62683524091104,3.50770561620959,3.49446899124276,3.17678999203887,2.28993611926135,1.76047112058821,1.41631887145066,1.00598349747898,1.48250199628481,1.16482299708092,1.07216662231312,0.701541123241917,0.939800372644832,0.741250998142403,1.15158637211409,0.979510247545318,1.31042587171603,1.87960074528966,1.45602874635115,1.41631887145066
PARAGUAY,2021-2022,1.65457812085358,1.76047112058821,2.25022624436087,1.99873036999112,2.22375299442721,2.58114186853158,2.84587436786815,3.01795049243693,2.80616449296767,3.0973702422379,3.07089699230424,1.77370774555504,2.7267447431667,4.401177801470519,6.075610859774338,0.502991748739488,0.317678999203887,0.0661831248341431,0.158839499601944,0.132366249668286,0.0794197498009718,0.158839499601944,0.264732499336573,0.238259249402915,0.198549374502429,0.357388874104373,0.251495874369744,0.344152249137544,0.397098749004859,0.582411498540459,0.595648123507288,0.714777748208746,0.67506787330826,0.516228373706316,0.330915624170716,0.238259249402915,0.211785999469258,0.251495874369744,0.370625499071202,0.397098749004859,0.38386212403803,0.264732499336573,0.29120574927023,0.317678999203887,0.264732499336573,0.238259249402915,0.211785999469258,0.264732499336573,0.251495874369744,0.304442374237058,0.198549374502429,0.370625499071202
PARAGUAY,2022-2023,0.436808623905345,0.489755123772659,0.939800372644832,1.29718924674921,1.33689912164969,1.97225712005747,2.85911099283498,3.69301836574519,4.34161298911979,4.64605536335685,7.63753260586012,10.4436970988278,11.7541229705438,14.38821133894271,3.85185786534713,4.72547511315782,5.559382486068018,7.505166356191829,8.166997604533258,7.518402981158665,6.0359009848738525,6.115320734674824,8.047867979831802,8.564096353538119,9.808339100420012,11.277604471737973,10.986398722467744,7.849318605329371,10.854032472799515,9.88775885022098,7.889028480229862,8.524386478637641,5.704985360703134,6.035900984873849,6.816861857916742,7.716952355661091,7.664005855793777,5.06962736229536,2.03844024489161,3.0973702422378984,4.01069736494907,3.0708969923042386,1.8928373702564885,1.53544849615212,2.99147724250327,3.36210274157447,2.9914772425032687,2.96500399256961,2.60761511846524,3.29591961674033,3.99746073998225,5.62556561090217
SAN_PEDRO,2018-2019,0.221826784270693,0.221826784270693,0.221826784270693,0.221826784270693,0.221826784270693,0.221826784270693,0.221826784270693,0.221826784270693,0.221826784270693,0.221826784270693,0.221826784270693,0.221826784270693,0.221826784270693,0.221826784270693,0.221826784270693,0.443653568541387,0.887307137082774,1.99644105843624,0.887307137082774,2.21826784270693,2.21826784270693,2.44009462697763,0.66548035281208,2.44009462697763,4.88018925395525,5.32384282249664,5.54566960676734,5.98932317530872,14.6405677618658,14.1969141933244,20.8517177214452,23.5136391326935,22.8481587798814,21.739024858528,15.7497016832192,10.4258588607226,12.4222999191588,11.9786463506174,13.9750874090537,6.43297674385011,5.76749639103803,0.66548035281208,1.99644105843624,0.443653568541387,0.443653568541387,0.66548035281208,0.443653568541387,1.10913392135347,0.443653568541387,0.221826784270693,0.0,1.10913392135347
SAN_PEDRO,2019-2020,0.221826784270693,0.443653568541387,0.66548035281208,0.443653568541387,0.221826784270693,1.33096070562416,0.66548035281208,2.44009462697763,2.21826784270693,3.54922854833109,5.32384282249664,7.98576423374496,1.10913392135347,3.3274017640604,20.8517177214452,79.1921619846376,133.539724130957,143.521929423139,126.884920602837,152.395000793966,158.827977537816,146.183850834387,135.757991973664,103.593108254414,66.7698620654787,22.6263319956107,11.9786463506174,8.87307137082774,2.21826784270693,1.77461427416555,1.77461427416555,1.99644105843624,2.44009462697763,0.443653568541387,1.33096070562416,0.66548035281208,0.66548035281208,0.221826784270693,0.443653568541387,0.221826784270693,0.66548035281208,0.0,0.0,0.0,0.0,0.0,0.221826784270693,0.66548035281208,0.221826784270693,0.443653568541387,0.443653568541387,0.0
SAN_PEDRO,2020-2021,0.221826784270693,0.0,0.887307137082774,1.10913392135347,1.10913392135347,2.21826784270693,1.77461427416555,1.77461427416555,2.44009462697763,2.21826784270693,0.66548035281208,1.55278748989485,1.77461427416555,0.887307137082774,3.99288211687248,4.88018925395525,6.43297674385011,5.54566960676734,7.54211066520358,4.88018925395525,4.21470890114318,3.54922854833109,3.3274017640604,1.33096070562416,0.443653568541387,0.221826784270693,0.221826784270693,0.0,0.887307137082774,2.21826784270693,1.99644105843624,0.66548035281208,0.887307137082774,0.887307137082774,1.55278748989485,1.77461427416555,0.887307137082774,0.66548035281208,0.443653568541387,0.443653568541387,0.221826784270693,0.221826784270693,0.66548035281208,0.0,0.221826784270693,0.221826784270693,0.0,0.443653568541387,0.887307137082774,0.887307137082774,0.887307137082774,0.221826784270693
SAN_PEDRO,2021-2022,1.55278748989485,1.33096070562416,1.10913392135347,0.221826784270693,0.66548035281208,0.66548035281208,0.887307137082774,0.66548035281208,1.10913392135347,0.887307137082774,0.0,0.887307137082774,1.55278748989485,2.4400946269776247,3.3274017640604,0.0,0.221826784270693,0.0,0.221826784270693,0.0,0.0,0.0,0.0,0.0,0.0,0.0,0.221826784270693,0.66548035281208,0.0,0.221826784270693,0.0,0.0,0.0,0.0,0.0,0.0,0.221826784270693,0.221826784270693,0.443653568541387,1.99644105843624,1.33096070562416,0.443653568541387,1.99644105843624,0.887307137082774,0.221826784270693,0.443653568541387,0.0,0.66548035281208,0.443653568541387,0.66548035281208,0.0,0.66548035281208
SAN_PEDRO,2022-2023,0.887307137082774,0.66548035281208,0.443653568541387,1.55278748989485,0.221826784270693,0.0,1.10913392135347,0.66548035281208,0.887307137082774,0.66548035281208,1.77461427416555,1.55278748989485,2.88374819551901,3.54922854833109,1.55278748989485,1.33096070562416,0.887307137082774,3.10557497978971,4.21470890114318,3.3274017640604,3.77105533260179,2.21826784270693,4.43653568541387,4.21470890114318,4.21470890114318,6.432976743850113,3.99288211687248,3.10557497978971,3.10557497978971,3.99288211687248,2.44009462697763,3.54922854833109,1.77461427416555,2.66192141124832,2.21826784270693,1.10913392135347,1.99644105843624,0.887307137082774,0.443653568541387,0.443653568541387,1.10913392135347,0.887307137082774,0.66548035281208,0.66548035281208,4.21470890114318,5.10201603822595,6.8766303123915,6.21114995957942,6.6548035281208,11.5349927820761,12.2004731348881,14.8623945461365
